니트/스웨터,니트,여성니트,캐시미어니트,폴로니트,크롭니트,브이넥니트,니트/스웨터,에고이스트니트,리스트니트,지컷니트,앙고라니트,베네통니트,쉬즈미스니트,시슬리니트,스퀘어넥니트,듀엘니트,오프숄더니트,꽈배기니트,후드니트,케이블니트
카디건,가디건,여성가디건,폴로가디건,비비안웨스트우드가디건,롱가디건,니트가디건,제너럴아이디어가디건,써스데이아일랜드가디건,메종키츠네가디건,꼼데가르송가디건,카디건,라코스테가디건,베네통가디건,타미힐피거가디건,트위드가디건,제너럴아이디어,러브앤쇼,캐시미어가디건,톰보이가디건,크롭가디건
원피스,원피스,니트원피스,써스데이아일랜드원피스,트위드원피스,지고트원피스,케네스레이디원피스,모조에스핀원피스,잇미샤원피스,겨울원피스,써스데이아일랜드,가을원피스,하객원피스,모조에스핀,듀엘원피스,jj지고트원피스,여름원피스,휴양지원피스,롱원피스,케네스레이디,뷔스티에원피스
티셔츠,맨투맨,후드티,여성맨투맨,후드집업,티셔츠,크롭맨투맨,여성티셔츠,여성후드티,기모후드집업,이자벨마랑맨투맨,에고이스트티셔츠,나이키맨투맨,여자맨투맨,기모맨투맨,나이키후드티,여성긴팔티셔츠,어베인,여성맨투맨티,폴로맨투맨,여자후드티
블라우스/셔츠,블라우스,타이블라우스,리본블라우스,블라우스/셔츠,코듀로이셔츠,크로커다일레이디,여성셔츠,쉬즈미스블라우스,모조에스핀블라우스,여성블라우스,써스데이아일랜드블라우스,알라이아셔츠,폴로셔츠,청남방,하이넥블라우스,셔츠,데님셔츠,케네스레이디블라우스,리스트블라우스,프릴블라우스
점퍼,경량패딩,여성경량패딩,숏패딩,여성패딩,지오다노경량패딩,점퍼,몽클레어여성패딩,여성롱패딩,롱패딩,몽클레어패딩,패딩,톰보이,여자롱패딩,버버리패딩,프라다패딩,여성숏패딩,에르노패딩,지컷패딩,듀엘패딩,에고이스트패딩
재킷,트위드자켓,버버리퀼팅자켓,가죽자켓,여성자켓,재킷,울자켓,자켓,헤링본자켓,퀼팅자켓,핸드메이드자켓,쉬즈미스자켓,리스트자켓,바버자켓,모조에스핀자켓,탑텐후리스,톰보이자켓,레더자켓,여성가죽자켓,여성울자켓,몽클레어바람막이
코트,코트,트렌치코트,핸드메이드코트,캐시미어코트,톰보이코트,케이프코트,여성코트,무스탕,쉬즈미스코트,막스마라코트,하프코트,숏코트,핸드메이드숏코트,모조에스핀코트,리스트코트,듀엘코트,여성트렌치코트,스튜디오톰보이코트,온앤온코트,떡볶이코트
바지,코듀로이팬츠,조거팬츠,바지,와이드팬츠,골덴바지,니트바지,니트팬츠,슬랙스,여성기모바지,코듀로이반바지,기모바지,여성바지,코듀로이와이드팬츠,리스트바지,골덴반바지,부츠컷슬랙스,여자슬랙스,쉬즈미스바지,니트조거팬츠,카고팬츠
청바지,청바지,게스청바지,와이드청바지,여성청바지,부츠컷청바지,여자청바지,여성기모청바지,하이웨스트청바지,리바이스여성청바지,게스여성청바지,키작녀청바지,크림진,와이드데님,yn3d9155,여자게스청바지,생지데님,블랙진,잠뱅이여성청바지,와이드데님팬츠,흑청데님
스커트,스커트,코듀로이스커트,롱스커트,플리츠스커트,니트스커트,플레어스커트,레더스커트,울스커트,패딩스커트,h라인스커트,새틴스커트,미니스커트,리스트스커트,샤스커트,트위드스커트,가죽스커트,겨울스커트,더봄,가죽치마,골덴스커트
레깅스,레깅스,기모레깅스,치마레깅스,부츠컷레깅스,젝시믹스,룰루레몬레깅스,젝시믹스레깅스,나이키레깅스,반바지레깅스,룰루레몬,아디다스레깅스,기모치마레깅스,여자레깅스,면레깅스,안다르레깅스,빅사이즈레깅스,힙커버,투인원레깅스,겨울레깅스,기모부츠컷레깅스
트레이닝복,트레이닝세트,여성트레이닝복세트,여성트레이닝세트,트레이닝복,벨벳트레이닝,기모트레이닝세트,아디다스져지,츄리닝세트,트레이닝복세트,트레이닝바지,땀복,여성트레이닝복,여자트레이닝세트,벨벳트레이닝세트,여성트레이닝바지,니트트레이닝세트,여성츄리닝세트,여성기모트레이닝세트,나이키바지,여자나이키트레이닝복세트
조끼,패딩조끼,여성패딩조끼,니트조끼,조끼,니트베스트,여성니트조끼,경량패딩조끼,무스탕조끼,여성조끼,패딩베스트,뷔스티에,베스트,양털조끼,뽀글이조끼,니트뷔스티에,뷔스티에조끼,할머니조끼,밍크베스트,여성경량패딩조끼,김장조끼
정장세트,여성정장,여성정장세트,모조에스핀정장세트,트위드셋업,지고트정장세트,정장세트,잇미샤셋업,여자정장,여자정장세트,정장,비비드시크릿가너,여성겨울정장,치마정장세트,린정장세트,여성치마정장세트,잇미샤정장세트,모조에스핀정장,여성바지정장세트,스타일라떼,투피스정장
한복,한복대여,생활한복,한복,개량한복,혼주한복,은가비한복,철릭원피스,한복드레스,혼주한복대여,한복속치마,계량한복여성,생활한복원피스,계량한복,한복원피스,법복,개량한복원피스,절복,퓨전한복,생활한복저고리,돌잔치한복대여
유니폼/단체복,간호사가디건,간호복,병원가디건,유니폼,애견미용가운,병원유니폼,간호사유니폼,간호사복,의사가운,교복대여,환자복,유니폼가디건,옛날교복대여,세라복,수술복,위생복,간호가디건,애견미용복,식당유니폼,일본교복
파티복,셀프웨딩드레스,부드레스,웨딩드레스,드레스,메이드복,드레스대여,피로연드레스,블랙드레스,브라이덜샤워원피스,이브닝드레스,파티드레스,연주드레스,2부원피스,돌잔치드레스,셀프웨딩,치파오,유색드레스,2부드레스대여,연주회드레스,파티복
레인코트,우비,판초우의,레인코트,비옷,여성레인코트,우의,여성우비,지오다노우비,여성비옷,여자우비,판초우비,판쵸우의,성인우비,지오다노레인코트,노스페이스레인코트,여성우의,노스페이스우비,투명우비,버버리레인코트,니코앤드우비
점프슈트,점프수트,멜빵바지,바디프로필의상,점프슈트,데님점프수트,여성점프수트,오버롤,코듀로이오버롤,여름점프수트,코듀로이멜빵,바프의상,여성점프슈트,청멜빵바지,나이키점프수트,겨울점프수트,청점프슈트,오버롤팬츠,데님오버롤,여름점프슈트,여자바디수트
코디세트,트위드투피스,니트셋업,니트투피스,니트세트,투피스,투피스세트,니트투피스세트,트위드세트,니트스커트세트,니트바지세트,하객룩투피스,트위드셋업,후드니트세트,셋업,코디세트,여성니트세트,니트상하세트,바나나리퍼블릭셋업,니트후드세트,니트팬츠세트
브라,스포츠브라,심리스브라,브라,감탄브라,브라렛,노와이어브라,브래지어,원더브라,브라탑,크로커다일감탄브라,나이키스포츠브라,에블린,앞후크브라,비너스브라,웨딩브라,누브라,비비안브라,빅사이즈브라,캘빈클라인언더웨어,오프숄더브라
팬티,여성팬티,심리스팬티,팬티,여성면팬티,여자팬티,생리팬티,위생팬티,하성민기업,티팬티,라페어팬티,면팬티,하이웨스트팬티,여성사각팬티,모달팬티,비너스팬티,여자사각팬티,비비안팬티,자주팬티,코데즈컴바인팬티,순면팬티
브라팬티세트,속옷,여자속옷,속옷세트,원더브라,여성속옷세트,노와이어브라세트,여성속옷,여자속옷세트,브라팬티세트,리바이스속옷,브라세트,코데즈컴바인속옷,코데즈컴바인이너웨어,커플속옷,원더브라세트,캘빈클라인언더웨어,섹시쿠키,에블린속옷,게스언더웨어,플레이텍스
잠옷/홈웨어,잠옷,수면잠옷,커플잠옷,극세사잠옷,자주잠옷,겨울잠옷,피치기모잠옷,오르시떼여성잠옷,파자마,홈웨어,수면바지,여성잠옷,스파오잠옷,동물잠옷,원피스잠옷,잠옷바지,울랄라파자마,자주파자마,누빔잠옷,수면잠옷세트
시즌성내의,히트텍,유니클로히트텍,여성내복,여성내의,히트텍상의,힙워머,할머니내복,내복,여자내복,byc내복,발열내의,히트택,여성히트텍,유니클로내복,비너스내복,반팔히트텍,탑텐히트텍,여성내복바지,면내복,여성발열내의
보정속옷,보정속옷,바디쉐이퍼,거들,복대,코르셋,보정팬티,똥배팬티,엉뽕팬티,배워머,올인원속옷,골반뽕,스팽스,뱃살보정속옷,스팽스보정속옷,힙업팬티,흉곽코르셋,크로커다일감탄슬리머,뱃살보정팬티,보정속옷올인원,엉덩이뽕팬티
슬립,슬립,이벤트속옷,에블린슬립,란제리,슬립웨어,실크슬립,섹시속옷,비너스슬립,섹시슬립,슬립잠옷,원더브라슬립,여성슬립,비비안슬립,야한속옷,롱슬립,빅사이즈슬립,란제리속옷,여자슬립,슬립가운,섹시란제리
러닝/캐미솔,브라런닝,브라탑나시,기모나시,캡나시,여성런닝,브라캡나시,캡내장나시,런닝브라,브라나시,브라탑런닝,여자런닝,캐미솔,여성반팔런닝,배쏙티,기모브라탑,왁스배쏙티,wox배쏙티,브라캐미솔,나시브라,여성메리야스
속치마/속바지,속바지,속치마,여성속바지,기모속바지,겨울속바지,패티코트,5부속바지,레이스속치마,7부속바지,y존속바지,웨딩속바지,레이어드속치마,레이스속바지,캉캉속치마,니트속바지,롱속치마,치마속바지,페티코트,면속바지,빅사이즈속바지
언더웨어소품,가터벨트,니플패치,니플패치여자,브라패드,니플패치남자,니플밴드,조꼭지,겨땀패드,남자성인용품,방탄꼭지,에블린가터벨트,브라끈,브라연장후크,남자니플패치,실리콘니플패치,가터벨트세트,투명브라끈,유두패치,겨드랑이땀패드,리무브스킨브라
니트/스웨터,남자니트,폴로니트,톰브라운니트,라코스테니트,남성니트,아미니트,니트,메종키츠네니트,올젠니트,지오지아니트,빈폴니트,스톤아일랜드니트,폴로반집업니트,남자목폴라,헤지스니트,폴로랄프로렌,타미니트,남자앙고라니트,폴로니트집업,니트/스웨터
티셔츠,후드티,맨투맨,남자맨투맨,후드집업,스투시후드티,남성맨투맨,아미맨투맨,남자후드티,커버낫맨투맨,나이키맨투맨,메종키츠네맨투맨,지프맨투맨,내셔널지오그래픽맨투맨,라코스테맨투맨,티셔츠,커버낫후드티,나이키후드티,스톤아일랜드맨투맨,lee후드티,타미힐피거맨투맨
셔츠/남방,와이셔츠,남자셔츠,듀퐁와이셔츠,올젠셔츠,레노마셔츠,지오지아셔츠,폴로셔츠,옥스포드셔츠,남성셔츠,듀퐁셔츠,닥스셔츠,라코스테셔츠,예작와이셔츠,셔츠,남자와이셔츠,톰브라운셔츠,하와이안셔츠,타미힐피거셔츠,브룩스브라더스셔츠,폴로옥스포드셔츠
카디건,남자가디건,톰브라운가디건,남성가디건,가디건,라코스테가디건,헤지스가디건,아미가디건,남자집업가디건,빈폴가디건,남자롱가디건,폴로가디건,남성집업가디건,집업가디건,올젠가디건,지오지아가디건,메종키츠네가디건,마인드브릿지가디건,리버클래시가디건,캉골가디건,라코스테가디건남성
점퍼,경량패딩,내셔널지오그래픽패딩,남자경량패딩,남자패딩,남성경량패딩,스톤아일랜드패딩,내셔널지오그래픽경량패딩,항공점퍼,패딩,깔깔이,남성패딩,나이키패딩,몽클레어패딩,다이나핏패딩,점퍼,롱패딩,숏패딩,경량패딩남성,남자롱패딩,남자점퍼
재킷,스파오후리스,나이키바람막이,후리스,파타고니아후리스,바람막이,남자자켓,나이키후리스,후리스집업,남성자켓,바시티자켓,나이키아노락,가죽자켓,아노락,남자무스탕,유니클로후리스,커버낫후리스,남자바람막이,언더아머바람막이,바버자켓,미즈노바람막이
코트,남자코트,남성코트,남자트렌치코트,코트,발마칸코트,지오지아코트,트렌치코트,남자롱코트,남자패딩코트,남성트렌치코트,남자캐시미어코트,양면폴라폴리스아우터,리버클래시코트,남자맥코트,지이크코트,남자반코트,남자하프코트,맥코트,무스탕,남자겨울코트
청바지,남자청바지,청바지,리바이스청바지,남성청바지,리바이스01,게스청바지,리바이스550,리바이스511,남성기모청바지,버커루청바지,남자기모청바지,플랙진,기모청바지,리바이스502,뱅뱅청바지,리바이스505,남자게스청바지,디젤청바지,리바이스,캘빈클라인청바지
바지,조거팬츠,남자바지,디키즈874,남자조거팬츠,카고바지,남자슬랙스,남성기모바지,내셔널지오그래픽바지,방한바지,바지,디키즈더블니,올젠바지,남자면바지,남자기모바지,남성면바지,남성바지,기모바지,카고팬츠,코듀로이팬츠,면바지
조끼,패딩조끼,남자패딩조끼,나이키패딩조끼,경량패딩조끼,남성패딩조끼,조끼,경량조끼,조끼패딩,경량패딩,남자경량패딩조끼,남자니트조끼,나이키조끼,내셔널지오그래픽패딩조끼,남성조끼,폴로패딩조끼,남자조끼,나이키조끼패딩,후리스조끼,패딩베스트,몽클레어패딩조끼
정장세트,남자정장,지이크정장,남성정장,지오지아정장,레노마정장,정장,남성정장세트,본정장,파크랜드정장,워모정장,킨록정장,로가디스정장,앤드지정장,남자정장세트,마에스트로정장,stco정장,지이크,갤럭시정장,리버클래시정장,바쏘정장
트레이닝복,트레이닝복,남자트레이닝복세트,트레이닝바지,나이키트레이닝복세트,트레이닝세트,언더아머,나이키바지,트레이닝복세트,다이나핏,디스커버리트레이닝복세트,내셔널지오그래픽,언더아머바지,내셔널지오그래픽트레이닝복,남자트레이닝세트,나이키조거팬츠,츄리닝바지,나이키트레이닝바지,아디다스트레이닝복세트,남성트레이닝바지,기모트레이닝바지
한복,개량한복,남자한복,두루마기,생활한복,남자생활한복,남자개량한복,남자계량한복,남성개량한복,곤룡포,도포,두루마기코트,남자한복대여,남자두루마기,스님옷,한복,남성생활한복,한복코트,두루마기한복,남성한복,민복
유니폼/단체복,작업조끼,반티,조리복,단체티,겨울작업조끼,전술복,정비복,군복,단체복,근무복,쉐프복,작업잠바,찜질복,남자작업조끼,전투복,가족단체티,작업점퍼,지벤조끼,겨울근무복,찜질방옷
레인코트,우비,우의,판초우의,제비표우의,비옷,남자우비,일회용우비,레인코트,도롱이방한복,우비바지,판쵸우의,캠핑우비,비옷바지,도롱이,일회용우의,배달우비,제비표우비,우의바지,라이더우비,일회용비옷
코디세트,데님셋업,맨인스토어,남자데님셋업,셋업,지프웜우븐셋업,남자코디세트,임아세산다,치카노스타일,howell,게스에센셜셋업3종,남성곰프린트풀오버,험머셋업,남자청셋업,지프우븐셋업,생지데님셋업,피지코어패럴,남자셋업코디,지프셋업,험머타슬란,jeep웜우븐셋업
점프슈트,남자점프수트,점프수트,작업복점프수트,점프슈트,디키즈점프수트,점프수트작업복,남자점프슈트,점프슈트작업복,성인우주복,방한점프수트,방한점프슈트,남성점프수트,디키즈점프슈트,성인방한우주복,패딩점프수트,남자데님점프수트,남성점프슈트,멜빵바지,남자데님점프슈트,남자겨울점프슈트
팬티,남자팬티,남성팬티,남자속옷,남성드로즈,남자드로즈,남자트렁크팬티,캘빈클라인드로즈,캘빈클라인언더웨어,트렁크팬티,아디다스드로즈,팬티,드로즈,남자삼각팬티,남자드로즈팬티,코데즈컴바인드로즈,아디다스팬티,남성속옷,라쉬반,남성삼각팬티,남성트렁크팬티
러닝,남자런닝,런닝,남성런닝,byc런닝,남성반팔런닝,런닝셔츠,남자런닝셔츠,남자반팔런닝,메리야스,반팔런닝,남성런닝셔츠,트라이런닝,남자메리야스,남성메리야스,남자기모나시,푸마언더셔츠,byc에어로쉬,byc반팔런닝,아디다스런닝,유니클로런닝
러닝팬티세트,남자런닝팬티세트,보디가드남자속옷세트,런닝팬티,남성런닝팬티세트,런닝팬티세트,남자속옷세트,남자런닝드로즈세트,남성런닝드로즈세트,남자트렁크런닝세트,남성속옷세트,남자런닝삼각팬티세트,남성런닝팬티,남성드로즈런닝,남자팬티런닝세트,남성속옷상하세트,게스드로즈,남성런닝팬티셋트,남자런닝팬티셋트,에이스원글로벌,남자속옷상하세트
잠옷/홈웨어,남자잠옷,남성잠옷,오르시떼남성잠옷,남자수면잠옷,탑텐잠옷,수면바지,남자잠옷세트,남자수면바지,남자겨울잠옷,잠옷,남자파자마,남자잠옷바지,남자홈웨어,남자극세사잠옷,오르시떼남성,남성홈웨어,푸마홈웨어,남성수면바지,남성수면잠옷,오르시떼
시즌성내의,발열내의,남자내복,내복,히트텍,남성내복,기모내복,남자히트텍,trybyc히트텍히트택내복발열내의상의타이즈ndm90225,남자내의,남성내의,성인내복,남성히트텍,기모내의,웜웨어,발열내복,byc보디히트,융기모내의,남자기모타이즈,휠라발열내의세트,미군내복
보정속옷,어깨뽕,남자보정속옷,어깨뽕티셔츠,남자보정나시,남자어깨뽕,남자복대,남성보정속옷,고추뽕,콕링,남자뱃살보정,남성복대,남자이너웨어상의,남자코르셋,남자어깨뽕반팔티,어깨보정,어깨뽕패드,남자속옷상의,남성코르셋,남자어깨패드,남자체형보정
