relative_keyword,total_search
꾸셀파운데이션100,4700.0
인천공항면세점지갑,2070.0
헤로우아이나3,270.0
으뜸엘엔에스단무지,2940.0
ENYAGOSP1,3880.0
브레이닝마그네틱,630.0
ANICANREAD,80.0
ANICANREADBOOK,80.0
FUNTOREAD,340.0
까이유세이펜,80.0
타키포오이세계여행사,450.0
WHOWOULDWIN,590.0
FLATSTANLEY,560.0
러브젤,43850.0
페페젤,2630.0
아스트로글라이드,3330.0
카나토컬무스,1090.0
마취크림,8030.0
도이코이지보틀,1300.0
CASIOM305,1060.0
라펜클렌징파우더,2140.0
베베드피노이월,4500.0
원근양용노안경,2420.0
지오송지오리브블라우스5종,1850.0
접이식안전문,370.0
차일드스타안전문,530.0
FTM패커,102100.0
포그내아기띠,20070.0
휴대용기저귀패드,1680.0
에르고신생아패드,490.0
프롬유샤워핸들2,2190.0
더블하트젖꼭지L,1110.0
섹시슬립,3040.0
섹시속옷,16720.0
야한속옷,7480.0
섹시란제리,3820.0
ENYAGOSP1,3700.0
단열용덧유리,30.0
JWCOMPANY,640.0
GC570DLIVEGAMERDUO,30.0
OMSBCD,70.0
헤로우아이나3,290.0
와이케이스판다필름,1100.0
남자성인용품,1580.0
SQLD자격검정실전문제,790.0
여성자위기구,3420.0
티엠포레전드10TF,5440.0
면세점애플워치,540.0
3RSYSS406QUIETGIPC케이스,370.0
카린LESC1,60.0
올리버쌤스캔톡,860.0
LENOVOTHINKSTATIONPX,1290.0
아네론멀미약,7950.0
알부카콘코르디아나,1490.0
보스비스킨힐캡,210.0
CLA홍화씨슬리밍플러스,16290.0
니코틴껌,3160.0
가짜임신테스트기,6260.0
와이케이스판다필름,1100.0
설도복숭아,6730.0
복숭아설도,410.0
후아모아바나나,790.0
들깨한되,1110.0
누드은행,240.0
MACADAMIASAUSTRALIA,270.0
층간소음스피커,4440.0
층간소음우퍼,4160.0
니코틴껌,3160.0
ADVILLIQUIGELS,1600.0
여성자위기구,3420.0
가마가츠알데나,4920.0
몰카탐지기,2590.0
미스터션샤인대본집,460.0
JWCOMPANY,640.0
니세트로,80.0
꾸셀파운데이션100,4710.0
TOIISCSPINNER,100.0
인천공항면세점지갑,2130.0
제주공항면세점지갑,220.0
GC570DLIVEGAMERDUO,30.0
가마가츠알데나,4920.0
슈콘코리아,1920.0
슈콘코리아,1920.0
누프라임WR-1,230.0
누프라임옴니아WR-1,50.0
RS422AINTERFACE,20.0
JETDRYTURBOFAN,1260.0
에이스침대벨라3,1280.0
미르가구좌식화장대,730.0
베투스ST-13,230.0
CHATEAULESARCS,500.0
원근양용노안경,2320.0
비룡소북클럽,1860.0
비룡소북클럽비버,130.0
거들팬티,1580.0
상콤플렉스바디수트,400.0
윤앤수케어디스크,40.0
데스커1600800,310.0
콕링,1910.0
거들팬티,1580.0
남자성인용품,1580.0
B4원고지,60.0
덴트초이몰,380.0
지파운데이션반지,1260.0
자라발레볼링백,700.0
사운드북,6180.0
지아지조짐,1560.0
NEW아기별입체놀이그림책,510.0
ENYAGOSP1,3700.0
뛰뛰빵빵핸드북,470.0
쥐젖제거,25800.0
이경준사진전얼리버드,650.0
메디토이코끼리,810.0
러브에브리플레이짐,210.0
콕콕콕한글영어사운드북,2550.0
스타벅스오덴세디저트볼,430.0
코닥미니샷3ERA케이스,590.0
소니카메라가방,1110.0
캐논카메라가방,1670.0
카메라파우치,2850.0
성효마성왕족발뒷다리,790.0
노랑가오리애,6190.0
또간집시골김,11960.0
마몰라크랩,4890.0
영산도홍합,230.0
조개젓,3450.0
스텐이중컵,490.0
