relative_keyword,avg_price
앱코키보드,73669.0
키즈경량패딩,76983.0
후쿠오카버스투어,58505.0
식전영상,33231.0
면세점가방,106.0
면세점향수,124.0
면세점선글라스,157.0
꾸셀파운데이션,19756.0
롱샴면세점,139.0
인천공항면세점향수,128.0
인천공항면세점선글라스,154.0
면세점시계,404.0
면세점가방추천,111.0
면세점어그,58476.0
꾸셀베이스오리지널,27540.0
면세점립스틱,30.0
면세점립스틱추천,28.0
면세점화장품,81.0
면세점향수추천,126.0
어그면세점,58476.0
밍크엘레팡,12933.0
면세점지갑,172.0
인천공항면세점롱샴,139.0
마라톤싱글렛,25478.0
스포벨러닝벨트,19800.0
카멜백울트라벨트,109990.0
러닝클래스,40176.0
카본제트프로3,125156.0
살로몬러닝벨트,64245.0
당구장갑,11295.0
당구그립,11905.0
당구큐가방,90187.0
쿠드롱팁,20698.0
롱고니큐,162151.0
아담무사시,225363.0
한밭큐,237336.0
당구초크,20793.0
줄다리기줄,131498.0
게이트볼스틱,168611.0
2인3각,11571.0
컴파운드보우,174266.0
피클볼,53666.0
리듬체조리본,10142.0
뉴스포츠,50965.0
패드민턴,15448.0
럭비공,32582.0
리본체조리본,5946.0
림보,56942.0
마닐라로프,47269.0
도라지배즙,24797.0
곤약밥,22036.0
전투식량,10478.0
비비고만두,17987.0
비비고사골곰탕,12088.0
고메소바바치킨,21421.0
지포어골프화,173507.0
AB슬라이드,18009.0
치닝디핑,128587.0
무게조절덤벨,98797.0
문틀철봉,21892.0
로잉머신,282358.0
자이로볼,10981.0
천국의계단운동기구,773116.0
스피닝자전거,253864.0
스파인코렉터,60947.0
토삭스,6286.0
소함소함,30759.0
K2인라인스케이트,232963.0
롤러블레이드,182429.0
K2인라인,227171.0
롤러브레이드,183980.0
힐리스,43153.0
두발킥보드,97160.0
핑거보드,16671.0
문워커스,88773.0
휠리스,46356.0
힐리스운동화,53913.0
나인봇,545042.0
바퀴달린신발,46233.0
데카트론킥보드,159718.0
오토바이방한토시,25468.0
오토바이블랙박스,123376.0
오토바이방한복,66937.0
홍진헬멧,159446.0
존테스350D,67326.0
미즈노축구화,138412.0
키즈풋살화,46746.0
아디다스풋살화,76939.0
나이키더플백,42754.0
토트넘유니폼,52669.0
이강인유니폼,69473.0
축구바람막이,48103.0
유소년야구화,56760.0
야구바지,29343.0
야구바람막이,53055.0
야구풀오버,67512.0
포수미트,210534.0
내야글러브,253893.0
투수글러브,316300.0
인조잔디야구화,67315.0
나이키야구화,138014.0
인조잔디화,61280.0
야구공케이스,17168.0
외야글러브,256692.0
에어조던1로우,132589.0
커리11,199880.0
언더아머농구화,115637.0
축구공가방,13434.0
사브리나1,172575.0
나이키업템포,180449.0
조던1로우,134640.0
커리농구화,111511.0
농구공가방,12531.0
업템포,158031.0
루카1,208020.0
르브론20,220000.0
윌슨농구공,58312.0
줌프릭5,158915.0
피구공,16673.0
미즈노배구화,76092.0
아식스배구화,87477.0
나이키배구화,208499.0
미카사배구공,69354.0
아식스스카이엘리트,139117.0
스타배구공,41758.0
빅발리볼,57503.0
미즈노모멘텀3,144362.0
탁구화,89525.0
미즈노탁구화,97773.0
탁구복상의,51551.0
엑시옴탁구복,46535.0
탁구가방,38272.0
탁구대,470079.0
탁구유니폼,48015.0
탁구라켓케이스,30138.0
아식스탁구화,97650.0
버터플라이탁구복,62832.0
버터플라이탁구화,76634.0
리닝탁구화,140779.0
탁구네트,20542.0
테너지05,80228.0
미즈노배드민턴화,97349.0
돌아오는셔틀콕,17599.0
요넥스배드민턴화,98351.0
요넥스티셔츠,40346.0
요넥스바람막이,95206.0
셀프배드민턴,31124.0
KBB79,168656.0
요넥스가방,57820.0
요넥스배드민턴라켓,152554.0
혼자배드민턴,19703.0
나이키테니스화,105955.0
아식스테니스화,112982.0
윌슨테니스가방,62995.0
아디다스테니스화,74906.0
아식스젤레졸루션9,142009.0
테니스장갑,22590.0
요넥스테니스화,97295.0
키모니그립,7691.0
아식스FF3,182133.0
스쿼시라켓,135097.0
라테스민턴,160966.0
테크니화이버,221248.0
스타족구화,76576.0
족구공,31358.0
족구화,64579.0
조이킥족구화,85343.0
족구네트,35276.0
낫소족구화,73161.0
조이킥,85753.0
조이킥스포츠,56258.0
볼링공,201311.0
볼링화,134931.0
볼링아대,95516.0
덱스터볼링화,156436.0
볼링가방,98030.0
볼링티,27784.0
볼링티셔츠,47916.0
스톰볼링공,250855.0
볼링매니아,31935.0
중고볼링공,143548.0
하드볼,123528.0
남자볼링화,115334.0
볼링볼타올,9073.0
햄머볼링공,223771.0
우레탄볼링공,214262.0
볼링백,96128.0
드라이슈트,1424521.0
수중랜턴,74437.0
다이빙컴퓨터,538462.0
작살,28697.0
수중스쿠터,784420.0
베스트다이브슈트,219077.0
다이브로이드,428368.0
핀삭스,26795.0
순토D5,471849.0
베스트다이브,250622.0
검도용품,30941.0
검도복,58275.0
검도호구,284486.0
죽도,35825.0
신켄무도구,62506.0
성인발레복,22878.0
드레스몰,18843.0
라인댄스바지,25704.0
발레워머,27057.0
에어로빅복,18660.0
코코랑,14176.0
폴댄스의상,28993.0
가정용샌드백,59965.0
위닝글러브,270683.0
복싱핸드랩,13616.0
트윈스글러브,132608.0
핸드랩,12564.0
에버라스트글러브,47610.0
레예스글러브,324924.0
아디다스글러브,103800.0
복싱바,102218.0
탭볼,115373.0
라이벌글러브,214860.0
아디다스복싱글러브,103120.0
의료용무릎보호대,18943.0
의료용손목보호대,15106.0
잠스트무릎보호대,44284.0
엘보보호대,19090.0
엄지손가락보호대,11565.0
가검,91870.0
목검,34934.0
일본도,76927.0
쌍절곤,9404.0
진검,68722.0
도검,150732.0
단검,52650.0
단도,51677.0
카타나,80398.0
와키자시,74050.0
한일도검,332773.0
청룡언월도,57517.0
장검,56411.0
사인검,55406.0
대조영도검,173052.0
장도,51345.0
복싱화,140286.0
주짓수도복,152294.0
아디다스복싱화,144422.0
미즈노복싱화,352779.0
태권도화,32272.0
태권도도복,27386.0
태권도복,34349.0
유도복,147548.0
나이키복싱화,220394.0
레슬링화,141378.0
아식스복싱화,174881.0
아식스역도화,314587.0
프로스펙스복싱화,56483.0
아디다스유도복,229095.0
에버라스트복싱화,135370.0
나이키사발레오,214691.0
소요롤도복,185404.0
줄넘기화,41726.0
바이탈도복,153869.0
나이키헤어밴드,18917.0
오일파스텔,17284.0
아크릴재단,475.0
문진,15228.0
파버카스텔색연필,21158.0
화구통,11747.0
옷염색약,9410.0
하드보드지,11831.0
맥세이프차량용거치대,27627.0
2355519,136182.0
토이나이프,4560.0
젤다아미보,31422.0
푸쉬팝게임기,6585.0
꼬치의달인,46295.0
MGSD발바토스,79461.0
생이새우,5770.0
체리새우,5518.0
외부여과기,57684.0
브라인쉬림프,15928.0
유목,10528.0
무환수어항,69284.0
걸이식여과기,12411.0
2자어항,46075.0
화산석,8771.0
뉴진스앨범,17265.0
플레이브앨범,15761.0
세븐틴앨범,14976.0
투바투앨범,13762.0
제로베이스원앨범,15681.0
아이브마인앨범,12302.0
르세라핌앨범,18073.0
제베원앨범,12008.0
정국골든앨범,27137.0
라이즈앨범,24662.0
QWER앨범,15086.0
잔나비LP,240594.0
이승윤LP,88850.0
아이브미니앨범,22745.0
슬램덩크만화책,55522.0
윔피키드원서,45340.0
독학사,20682.0
그리스로마신화,17154.0
EBS봉투모의고사,7438.0
드래곤볼만화책,95590.0
EBS모의고사,8926.0
EBS파이널모의고사,7938.0
받침없는동화,16622.0
지역농협NCS,20542.0
봉투모의고사,13105.0
주술회전만화책,5400.0
NATETHEGREAT,87063.0
설민석의한국사대모험,140814.0
오싹오싹팬티,25815.0
성경책,27622.0
싱잉볼,42659.0
미사보,27439.0
성경책리폼,37692.0
금강저,28326.0
목탁,25827.0
성경필사노트,7703.0
성경책커버,24742.0
108염주,18620.0
큰글자성경,49327.0
성모상,35182.0
개역개정성경,36255.0
성경리폼,39346.0
3단빨래바구니,28166.0
스탠드다리미판,35593.0
라탄빨래바구니,22512.0
전동빨래건조대,181114.0
한샘빨래건조대,52124.0
양모볼,7964.0
가정용혈압계,64152.0
오므론혈압계,64183.0
만보기,6304.0
브라운체온계6525,90145.0
브라운체온계6030,75101.0
청진기,68386.0
혈압기,56408.0
카카오체중계,48408.0
비접촉체온계,45415.0
샤오미체중계,22950.0
카스체중계,24514.0
브라운체온계6520,64882.0
IRT6030,75009.0
전담액상,10587.0
덴탈마스크,7329.0
입호흡액상,10536.0
웰컴드링크,45716.0
차이코스,56682.0
발라리안코일,10957.0
일회용전자담배,17772.0
연속혈당측정기,92905.0
무채혈혈당측정기,104399.0
아큐첵인스턴트,29835.0
아큐첵퍼포마시험지,26261.0
글루코핏,55917.0
당뇨측정기,35461.0
아큐첵인스턴트시험지,30661.0
프리스타일리브레,115039.0
혈당측정기무채혈,143225.0
아큐첵혈당측정기,38910.0
아큐첵퍼포마,26895.0
리브레혈당,92975.0
혈당시험지,18945.0
케어센스N시험지,32145.0
혈당체크기,35918.0
아큐첵,22747.0
아큐첵액티브,18102.0
인슐린주사기,12274.0
바로잰혈당시험지,25833.0
듀오덤엑스트라씬,15733.0
여드름패치,6470.0
알콜스왑,4743.0
더마틱스울트라,25962.0
흉터연고,25566.0
실리콘약병,10908.0
더마틱스울트라겔,23146.0
소독용에탄올,10789.0
이어포셉,45440.0
오므론네블라이저,52355.0
전동휠체어,902597.0
돋보기안경,13206.0
노인보행기,107425.0
보행보조기,100283.0
납골당꾸미기,20640.0
보청기,16613.0
목발,21580.0
포타포티,118200.0
휠체어대여,120960.0
경량휠체어,171088.0
요강,20996.0
이동식변기,45756.0
거북목교정기,28520.0
목견인기,45915.0
자세교정밴드,20547.0
의료용압박스타킹,28813.0
거북목교정,28039.0
어깨교정밴드,19349.0
센시안압박스타킹,24187.0
허리스트레칭기구,29180.0
허리견인기,79291.0
발목보조기,65599.0
CPM대여,199956.0
굽은등교정기,32701.0
골반교정기,100679.0
깁스신발,20192.0
저주파치료기,199721.0
부항기,24542.0
적외선조사기,63011.0
적외선치료기,79867.0
원적외선온열치료기,107688.0
초음파치료기,276527.0
온열부항의료기기,142232.0
클럭패드,18446.0
부황기,24240.0
한솔부항기,22599.0
온부기,174239.0
EMS마사지기,42572.0
비웰스바디펜,80000.0
저주파자극기,53538.0
물리치료기,316456.0
부항,18489.0
휴비딕저주파,32624.0
클럭마사지기,55660.0
가정용좌욕기,66433.0
좌훈기,91154.0
근적외선좌욕기,134465.0
좌욕,20392.0
치질좌욕기,39658.0
좌욕대야,9118.0
큐손길N,176000.0
근적외선,133038.0
원적외선좌욕기,151087.0
질온관리기,245785.0
적외선좌욕기,174658.0
임산부좌욕기,13847.0
온릴스,161330.0
파쉬보온물주머니,17794.0
눈찜질팩,10534.0
전기찜질팩,31216.0
발온열기,42900.0
파쉬,16865.0
허리찜질기,41084.0
어깨찜질기,49277.0
온수찜질기,21200.0
황토찜질팩,6464.0
어깨찜질팩,28026.0
팥찜질팩,18706.0
무릎찜질기,42797.0
파쉬물주머니,17614.0
이갈이마우스피스,21650.0
애터미치약,14827.0
미백치약,11288.0
켄트칫솔,22869.0
혀클리너,6893.0
어금니칫솔,9676.0
큐라덴칫솔,21317.0
첨단칫솔,7188.0
애터미칫솔,15832.0
유시몰치약,20255.0
온열안대,14362.0
안경세척기,31976.0
식염수,16248.0
보스톤심플러스,30687.0
옵티프리,16240.0
에이오셉,24690.0
초음파안경세척기,35277.0
메구리즘온열안대,22517.0
생리식염수,14239.0
안경초음파세척기,44588.0
멸균생리식염수,13346.0
옵티프리퓨어모이스트,22201.0
메구리즘,10812.0
무지외반증교정기,18023.0
건식족욕기,129463.0
내성발톱교정기,15298.0
그랜즈레미디,21120.0
셀라큐어,47172.0
코지마발마사지기,335335.0
폴리오종아리마사지기,77835.0
공기압다리마사지기,161635.0
손마사지기,69619.0
눈마사지기,51059.0
괄사마사지기,39567.0
바디프랜드팔콘,2900000.0
토르박스,47950.0
매직캔,36509.0
여인초,62441.0
인형꽃다발,21631.0
올리브나무,45575.0
양파모종,95100.0
학예회꽃다발,15156.0
사랑초,5050.0
몬스테라알보,100645.0
킨더조이꽃다발,14252.0
튤립구근,5665.0
호야,14033.0
분갈이흙,6456.0
비닐하우스자재,37880.0
제초매트,29561.0
더퍼스트슬램덩크블루레이,97779.0
슬램덩크블루레이,138626.0
블루자이언트특전,107491.0
아이유골든아워,38237.0
백색소음기,52373.0
오닉스포크5,157100.0
스캔톡,158726.0
소형녹음기,85793.0
초소형녹음기,67713.0
오닉스팔마,10362.0
오닉스페이지,443924.0
말랑하니백색소음기,46713.0
전자책,180214.0
오닉스포크5S,210830.0
전자사전,203563.0
크레마,104854.0
E북리더기,246479.0
크레마이북리더기,130720.0
소니녹음기,206186.0
포크5S,220771.0
닌텐도스위치라이트,287152.0
마리오원더,62224.0
듀얼센스,56988.0
닌텐도스위치조이콘,38927.0
중고컴퓨터,611031.0
삼성올인원PC,944443.0
삼성데스크탑,826180.0
온열마우스패드,23290.0
15인치노트북파우치,21151.0
16인치노트북파우치,23811.0
삼성노트북충전기,17389.0
17인치노트북가방,27592.0
14인치노트북파우치,21639.0
17인치노트북파우치,25030.0
아이패드에어5케이스,20576.0
짭플펜슬,23348.0
아이패드9세대케이스,18214.0
애플펜슬케이스,7820.0
애플펜슬펜촉,7997.0
갤럭시탭S9플러스케이스,33889.0
갤럭시탭S9울트라케이스,36195.0
아이패드미니6케이스,17607.0
갤럭시탭S7FE케이스,21732.0
갤럭시탭S9케이스,36537.0
갤럭시탭S6라이트케이스,15994.0
듀얼모니터받침대,20343.0
카멜마운트,86537.0
카멜모니터암,74634.0
싱글모니터암,49209.0
모니터받침,22430.0
NBH100,54130.0
높이조절모니터받침대,28620.0
NB모니터암,41655.0
다이소모니터받침대,29737.0
데스커모니터받침대,41540.0
앱코K660,60688.0
G304,38431.0
스칼렛솔로,245767.0
오디언트,508222.0
브리츠스피커,31507.0
브리츠사운드바,33115.0
로지텍헤드셋,107041.0
씨게이트외장하드,160481.0
삼성외장SSD,172686.0
삼성T7,195521.0
샌디스크USB,18427.0
삼성외장하드,131935.0
870EVO,106715.0
4070TI,1422048.0
광HDMI케이블,92415.0
4060TI,643776.0
DVITOHDMI,3841.0
HDMITODVI,3763.0
RTX3060,475844.0
아이피타임공유기,63375.0
IPTIME공유기,61410.0
랜테스터기,28862.0
AX2004M,113431.0
AX6000M,218489.0
A2004SE,72789.0
A604SE,42630.0
AX3000M,108147.0
AX2004,94870.0
MSOFFICE,156431.0
마이크로소프트오피스,157505.0
마이크로오피스,166669.0
오피스2021,289418.0
굿노트다이어리,7011.0
마이크로소프트365,88011.0
프로크리에이트브러쉬,10297.0
한컴오피스2024,379396.0
자코모4인쇼파,2287351.0
이케아수납장,62395.0
이케아선반,25656.0
한샘샘키즈수납장,168678.0
아기책장,130749.0
교구장,97739.0
아기옷장,145016.0
침대안전가드,39400.0
아기침대가드,49824.0
아기행거,64592.0
본베베침대가드,54322.0
방음부스,1038231.0
모듈러주택,74652288.0
컨테이너하우스,6521725.0
이동식주택,17571945.0
조립식주택,1911947.0
콤비락,9845.0
화장실리모델링,1962561.0
알레르망침구세트,137829.0
닥스이불,279789.0
라지킹침구세트,85302.0
알레르망키즈,127021.0
닥스이불세트,276447.0
목화솜이불,59243.0
알레르망베개,30547.0
요솜,60994.0
헬렌스타인베개,30305.0
헬렌스타인,146215.0
빨아쓰는규조토발매트,9900.0
워셔블러그,30863.0
우드블라인드,18037.0
나비주름커튼,21189.0
작은창커튼,22108.0
모던하우스커튼,50808.0
누빔원단,10794.0
라라뜨개,5036.0
양말목,7025.0
자이언트얀,9877.0
목도리뜨개질,23977.0
벨보아,11598.0
니트컨테이너,32088.0
수세미실,2136.0
바라클라바뜨기,21470.0
힙분유,83231.0
앱솔루트명작,56688.0
앱솔루트명작1단계,50111.0
압타밀,78492.0
산양분유,41406.0
A2분유,116499.0
아이엠마더1단계,34064.0
압타밀프로푸트라1단계,118675.0
아이엠마더,49349.0
압타밀프로푸트라2단계,135276.0
액상분유,27655.0
퓨어락,101066.0
앱솔루트센서티브,85108.0
명작1단계,53594.0
위드맘1단계,59393.0
앱솔루트산양,109818.0
후디스산양분유,125459.0
앱솔루트명작2단계,54742.0
앱솔루트센서티브1단계,83473.0
천기저귀,19584.0
하기스네이처메이드1단계,46321.0
하기스네이처메이드2단계,46985.0
팸퍼스,35533.0
팸퍼스기저귀,36512.0
하기스기저귀,20514.0
신생아기저귀,24436.0
하기스네이처메이드,35231.0
나비잠기저귀,35432.0
밤부베베천기저귀,36768.0
리베로터치6단계,47351.0
크린베베,20233.0
하기스네이처메이드3단계,60299.0
팸퍼스베이비드라이5단계,59197.0
팸퍼스베이비드라이6단계,60829.0
크린베베일자형기저귀,22236.0
마미포코기저귀,44772.0
하기스네이처메이드5단계,44660.0
브라운물티슈,33799.0
마이비데,11496.0
앙블랑물티슈,21418.0
베베숲시그니처블루,33442.0
베베앙물티슈,27615.0
대용량물티슈,10510.0
베베숲시그니처레드,65374.0
순둥이물티슈,21928.0
비데물티슈,12034.0
붕어빵물티슈,23285.0
애터미물티슈,24162.0
페넬로페물티슈,27429.0
이유식큐브,11068.0
아기반찬,9173.0
생선파는언니,9516.0
큐브데이,6450.0
실온이유식,20803.0
맘마밀,14573.0
얼라맘마,11995.0
초기이유식,17149.0
아기간장,14764.0
아기김,9386.0
바맘,15231.0
아기퓨레,20160.0
루솔이유식,31840.0
이유식야채큐브,10374.0
아넬라퓨레,39547.0
담은수,15644.0
떡뻥,2681.0
뽀로로음료수,11968.0
루솔진한배도라지즙,73822.0
질마재농장,3574.0
뽀로로음료,15683.0
아기배도라지즙,32714.0
킨더밀쉬,24032.0
아기보리차,19648.0
아기치즈,20011.0
티딩러스크,24642.0
이치비야,7100.0
뽀로로보리차,16327.0
배도라지즙아기,30064.0
요미요미,17746.0
아기떡뻥,6719.0
또또맘,17705.0
아이키커,23547.0
아기요거트,16920.0
역류방지쿠션,58601.0
제이앤제나역류방지쿠션,91596.0
수유쿠션,50475.0
더블하트젖꼭지,16874.0
더블하트젖병,20307.0
쪽쪽이,8735.0
셀프수유쿠션,34679.0
유축기,45070.0
모윰쪽쪽이,22268.0
제이앤제나,63746.0
닥터브라운젖병,27884.0
쪽쪽이클립,9601.0
아벤트쪽쪽이,10290.0
역방쿠,50331.0
수유시트,35038.0
수유패드,10856.0
헤겐젖병,65826.0
스펙트라유축기,11339.0
트라이크,138098.0
절충형유모차,930613.0
유모차라이너,32810.0
유모차방한커버,38572.0
유모차방풍커버,37569.0
유모차컵홀더,11299.0
쌍둥이유모차,396422.0
와이업지니제로3,347455.0
초경량유모차,354797.0
트라이크유모차,126470.0
디럭스유모차,944098.0
부가부버터플라이,874018.0
에이블트라이크,166774.0
유모카,137899.0
유모차선풍기,23511.0
부가부풋머프,214052.0
유모차장갑,17696.0
주니어카시트,344778.0
휴대용카시트,141658.0
부스터카시트,78437.0
브라이텍스카시트,614658.0
브라이텍스듀얼픽스아이사이즈,1057274.0
싸이벡스주니어카시트,305453.0
다이치원픽스360,496221.0
다이치카시트,270307.0
바구니카시트,165891.0
바구니카시트대여,21035.0
브라이텍스,579524.0
카시트발판,43955.0
어린이안전벨트,14867.0
안전벨트인형,19364.0
토들러카시트,510923.0
싸이벡스카시트,485782.0
폴레드올에이지360,462025.0
카시트발받침대,37369.0
페도라바구니카시트,21300.0
아기띠,119378.0
포그내아기띠,147966.0
기저귀가방백팩,42973.0
힙시트,129981.0
기저귀백팩,39446.0
베이비뵨아기띠,207750.0
포그내맥스올인원,369566.0
에르고아기띠,156998.0
신생아아기띠,85329.0
아기띠침받이,14608.0
기저귀파우치,14943.0
베이비뵨미니,200864.0
아기포대기,33571.0
누빔기저귀가방,30698.0
휴대용기저귀매트,25665.0
돗투돗아기띠워머,103409.0
아기욕조,35406.0
아기비데,36631.0
프롬유샤워핸들,56471.0
포프베베,55785.0
신생아욕조,26960.0
샤워핸들,48663.0
포프베베아기비데,71414.0
말랑하니욕조,39887.0
슈너글아기욕조,54888.0
아기목욕가운,25908.0
아기목욕타올,20861.0
폴레드샤워핸들,83844.0
말랑하니,26908.0
센스2030,13065.0
온다베이비플러스,55888.0
온다베이비욕조,46382.0
아기세면대,7818.0
아기로션,18230.0
키즈샴푸,15806.0
아기크림,19488.0
아기바디워시,17988.0
베이비오일,17118.0
쁘리마쥬,91965.0
아토팜MLE크림,35851.0
유아로션,18086.0
존슨즈베이비로션,13952.0
그린핑거,11446.0
아토팜판테놀크림,38096.0
아기선크림,14251.0
키즈바디워시,16184.0
아기수딩젤,18275.0
아토팜로션,34035.0
아토팜탑투토워시,25159.0
아기변기,24153.0
콧물흡입기,20599.0
유아변기커버,21315.0
아기변기커버,25365.0
노시부석션팁,12787.0
포켓몬마스크,19996.0
블루본마스크소형,14563.0
한일포근,97651.0
티니핑마스크,13003.0
한일포근콧물흡입기,3296.0
한일콧물흡입기,3296.0
어린이치약,7425.0
조르단칫솔,17317.0
유아치약,7671.0
아기치약,7710.0
구강티슈,12550.0
어린이치실,9758.0
조르단칫솔1단계,14252.0
벨레다치약,28974.0
제니튼치약,15516.0
조르단칫솔2단계,17374.0
예꼬맘치약,12046.0
브리스틱칫솔,24970.0
코도모칫솔,20233.0
메가텐360,28344.0
블랑키즐치약,21796.0
티니핑칫솔,15316.0
아기섬유유연제,14510.0
호호에미,40689.0
토루토루세탁세제,29016.0
아기세제,22029.0
마이비얼룩제거제,17207.0
유아세제,18456.0
아기세탁세제,22508.0
레드루트세탁세제,49091.0
헬로그린세탁세제,33792.0
애플민트라임섬유유연제,79397.0
레드루트,35006.0
호호에미섬유유연제,42225.0
폴메디슨키즈아토표백제,29234.0
비앤비섬유세제,19909.0
비앤비섬유유연제,17628.0
레드루트섬유유연제,40535.0
네이처러브메레,13041.0
베르블랑,28963.0
유팡젖병소독기,202965.0
젖병세척기,164115.0
젖병건조대,19972.0
젖병보관함,26688.0
젖병세정제,10655.0
유팡,203526.0
픽셀젖병소독기,286797.0
리뗀클로르,22476.0
레이퀸젖병소독기,132590.0
스팀소독기,88934.0
하이비젖병솔,9975.0
하이비,8258.0
벤브와스팀소독기,89766.0
휴대용젖병소독기,56348.0
해님젖병소독기,109771.0
이유식기보관함,29875.0
젖병스팀소독기,83121.0
다퍼남젖병보관함,24278.0
아기안전문,32355.0
아기무릎보호대,12057.0
루보안전문,26226.0
모기팔찌,4224.0
모기패치,6875.0
방문스토퍼,3208.0
아기머리보호대,19071.0
호빵맨모기패치,10559.0
머리쿵보호대,17192.0
아기디딤대,27531.0
히든키즈락,5142.0
아가드안전문,25972.0
범퍼침대,214520.0
기저귀갈이대,92528.0
아기옷걸이,5051.0
유아책상,98252.0
아기쇼파,91786.0
아기식탁의자,92115.0
아기범퍼침대,208664.0
리안드림콧,49561.0
범보의자,83823.0
아기소파,99096.0
신생아침대,179414.0
리안드림콧아기침대,106634.0
에시앙범보의자,118507.0
아기턱받이,9349.0
스카프빕,4103.0
아기식판,14526.0
흡착식판,30950.0
릴리팟이유식냄비,51795.0
와우컵,27701.0
실리콘턱받이,10631.0
아기스카프빕,4818.0
그로미미빨대컵,17078.0
베이비뵨턱받이,31280.0
그로미미,13853.0
유아스카프빕,5468.0
주니자기주도컵,25000.0
임산부수영복,28241.0
수유브라,15732.0
임산부스타킹,9221.0
수유복,24279.0
임산부팬티,14980.0
임산부레깅스,14732.0
맘스안심팬티,21696.0
수유나시,20814.0
겨울임부복,36966.0
제이유블랑,36731.0
디라벨,33807.0
수유원피스,24740.0
튼살크림,36477.0
임산부튼살크림,33860.0
임산부바디필로우,53080.0
비오템튼살크림,78953.0
임밍아웃,9244.0
도넛방석,14803.0
란시노라놀린크림,32973.0
임산부손목보호대,10184.0
임밍아웃카드,2603.0
아토팜튼살크림,42697.0
임산부크림,34314.0
임밍아웃이벤트,6992.0
해피테일즈바디필로우,43990.0
임산부샴푸,26257.0
U자바디필로우,47240.0
클라란스튼살크림,78685.0
산모패드,23389.0
회음부방석,14272.0
란시노크림,30538.0
임밍아웃복권,2029.0
겉싸개,64654.0
아기블랭킷,28337.0
속싸개,25438.0
마이리틀데이지,33082.0
낮잠이불세트,83768.0
어린이집낮잠이불,63069.0
아기침대패드,37429.0
비비엔다,63805.0
아기겨울이불,34137.0
낮잠이불가방,16617.0
아기토퍼,65320.0
알레르망베이비,100554.0
어린이집생일답례품,2716.0
돌잔치답례품,4797.0
돌상대여,40007.0
할로윈구디백,8161.0
50일셀프촬영,26546.0
백일상,40991.0
결혼답례품,4489.0
어린이집구디백,2501.0
유치원답례품,2584.0
유치보관함,15648.0
성장동영상,49687.0
아이데이지,2169.0
패딩우주복,83227.0
아기우주복,41207.0
에뜨와우주복,47153.0
아기크리스마스옷,25696.0
우주복패딩,80651.0
밍크뮤우주복,66253.0
아가방우주복,66733.0
아기손수건,10500.0
블루독우주복,67029.0
압소바우주복,68417.0
미니로브,21382.0
나이키키즈운동화,39496.0
뉴발란스키즈운동화,63344.0
휠라키즈운동화,37791.0
털크록스키즈,33797.0
스케쳐스키즈,42098.0
씨엔타,44934.0
아기바라클라바,13474.0
베어파우키즈,43909.0
올드솔,94341.0
아레나키즈수영복,57726.0
아기수영복,27327.0
아레나남아수영복,56571.0
주니어래쉬가드,27416.0
아기래쉬가드,32702.0
아레나여아수영복,55133.0
배럴키즈래쉬가드,39979.0
유아수영복,25110.0
여아래쉬가드,25694.0
남아실내수영복,27614.0
점퍼루,99775.0
쏘서,132593.0
바운서,103566.0
베이비뵨바운서,214568.0
바운서대여,20207.0
뉴나바운서,168882.0
아마존쏘서,191129.0
피셔프라이스바운서,125359.0
어라운드위고,74101.0
베이비뵨바운서대여,32578.0
포맘스바운서,100937.0
졸리점퍼,81400.0
쏘서대여,21863.0
콤비보행기,103131.0
신생아바운서,100605.0
아기바운서,95236.0
보행기대여,25427.0
졸리점퍼대여,12815.0
세이지폴바운서,131804.0
스쿳앤라이드,155621.0
유아킥보드,78762.0
치발기,13043.0
베이비룸,114099.0
푸바오인형,38684.0
실바니안,41841.0
스키비디토일렛인형,14707.0
실바니안패밀리,40697.0
그로밋인형,19347.0
젤리캣애착인형,46952.0
춘식이인형,32157.0
카피바라인형,16707.0
종이인형,8865.0
파라필름,34497.0
소마셈,6018.0
원소주기율표,32850.0
소중한글,19338.0
매직트리하우스,51484.0
고무마개,2659.0
구리판,3733.0
바람개비만들기,2050.0
핀덴베베,473823.0
영어보드게임,19682.0
엘리펀트앤피기,42246.0
한글공부,16514.0
쇠구슬,21977.0
플라토,6534.0
닭다리살,21772.0
하누카세육포,38597.0
한우육포,41781.0
사세버팔로윙,19382.0
햄지대왕소갈비찜,38900.0
김부각,14880.0
고추부각,10284.0
명이나물,24271.0
단무지,5129.0
무말랭이,9602.0
반찬정기배송,54067.0
궁채장아찌,10624.0
절임알타리,34946.0
본죽장조림,15602.0
푸른회식당,29178.0
반찬배달,30947.0
종가집무말랭이,14147.0
홍어무침,19619.0
콩잎,16473.0
오이지,11511.0
종가집김치,35238.0
안동학가산김치,41595.0
묵은지,23691.0
김치10KG,43562.0
고랭지절임배추,43481.0
맥심화이트골드,30093.0
G7커피,10347.0
할로윈사탕,9778.0
꽃보다오징어,19652.0
앵커버터,26966.0
모짜렐라치즈,18375.0
슬라이스치즈,16783.0
스트링치즈,18628.0
라꽁비에뜨버터,33330.0
구워먹는치즈,13242.0
체다치즈,13871.0
필라델피아크림치즈,18886.0
지라그라타,11480.0
아그리폼지라그라타그라나파다노,11480.0
서울우유버터,11514.0
무염버터,14328.0
이즈니버터,16238.0
부라타치즈,19270.0
연유,17130.0
중고노트북,314611.0
갤럭시북3프로360,2552388.0
서피스프로9,1994118.0
NT550XEZ-A58A,990978.0
뮤패드K10PLUS,13724.0
아이뮤즈K10PLUS,13751.0
엘지전자모니터,337114.0
24인치모니터,150265.0
32인치모니터,339702.0
벤큐모니터,524538.0
스마트모니터,404493.0
LG27GP750,497557.0
27UP550N,416021.0
일회용앞치마,11335.0
강아지유산균,29005.0
펫생각,36587.0
커즈와일KA50,284064.0
야마하디지털피아노,1258835.0
커즈와일KA120,513519.0
현금바인더,14333.0
대맛조개,18812.0
사과대추,40738.0
하이브리드자전거,518971.0
자이언트자전거,2040485.0
티티카카,345204.0
데상트스키복,793710.0
스노우보드복,154116.0
스노우보드부츠,317719.0
골드윈스키복,203687.0
숏스키,153664.0
스키에이트,156605.0
온요네스키복,510491.0
사우스플레이,57051.0
요즈리틴셀,8644.0
세네에기,4367.0
야마시타AJ,7092.0
다이와낚시복,238384.0
야마시타에기,7672.0
YL에기,12156.0
텅스텐봉돌,9226.0
쪼꼬미에기,13817.0
르망고수영복,78041.0
차량용소화기,25234.0
어싱양말,10294.0
써스데이아일랜드원피스,118812.0
오르시떼여성잠옷,29823.0
피치기모잠옷,15511.0
오르시떼남성잠옷,30690.0
탑텐잠옷,30398.0
캘빈클라인드로즈,33104.0
아디다스드로즈,51225.0
락포트남성화,90506.0
족저근막염깔창,21978.0
지비츠세트,9573.0
평발깔창,19747.0
발열깔창,25544.0
신발끈클립,1665.0
겨울지비츠,9677.0
캉골백팩,99490.0
캉골메신저백,68721.0
캉골슬링백,58820.0
나이키크로스백,31818.0
로우로우백팩,98028.0
16인치캐리어,49448.0
밤켈캐리어,211250.0
루이까또즈카드지갑,65495.0
루이까또즈지갑,64273.0
몽블랑벨트,284750.0
페라가모벨트,414987.0
닥스벨트,93457.0
구찌벨트,548550.0
듀퐁벨트,149086.0
헤지스벨트,67145.0
리바이스벨트,29203.0
루이비통벨트,851017.0
에르메스벨트,1446092.0
톰포드벨트,469348.0
폴로모자,58817.0
화이트샌즈,31963.0
비비안웨스트우드장갑,91810.0
어그장갑,78248.0
요술장갑,3938.0
작업용팔토시,3686.0
질스튜어트장갑,30033.0
캐시미어장갑,45028.0
닥스장갑,37072.0
톰포드선글라스,263275.0
크롬하츠안경,1819560.0
안경코받침,1383.0
안경닦이,6065.0
구찌안경테,229971.0
셀린느선글라스,481277.0
무테안경,86817.0
바나나핀,6602.0
정수리가발,36467.0
벨벳머리띠,11018.0
벨벳리본핀,7857.0
닥스스카프,52798.0
카시오수능시계,15539.0
프레드릭콘스탄트,1203271.0
로렉스남자시계,16285511.0
로즈몽시계,338262.0
카시오전자시계,36074.0
로렉스여성시계,13102443.0
구찌시계,1397772.0
골드바3.75,382999.0
순금골드바,486431.0
골드바100G,10809360.0
골드바37.5,3800499.0
순금바,446500.0
골드바1000G,334300.0
미니골드바,219224.0
골드바11.25,1169950.0
순금골드바3.75G,381998.0
실버바,667594.0
골드바1G,123295.0
골드바50G,5280610.0
금괴,30129.0
클라란스넥크림,111192.0
헤라썬크림,25355.0
헤라선크림,25444.0
닥터지선크림,19151.0
자작나무수분선크림,24830.0
달바선크림,28490.0
랑콤선크림,79193.0
톤업선크림,17824.0
아이오페선크림,35540.0
셀퓨전씨선크림,26360.0
선스틱,11598.0
썬스틱,11681.0
이니스프리선크림,22387.0
무기자차선크림,15904.0
AHC선스틱,17178.0
썬쿠션,17645.0
키엘선크림,68445.0
에스쁘아선크림,21570.0
헤라톤업선크림,31127.0
라운드랩자작나무수분선크림,22344.0
바이오더마클렌징워터,25068.0
닥터지폼클렌징,14165.0
클렌징티슈,8746.0
바닐라코클렌징밤,22820.0
센카퍼펙트휩,12672.0
약산성폼클렌징,10930.0
도브비누,14596.0
클렌징밀크,28053.0
필링젤,10940.0
닥터지필링젤,16226.0
맥스클리닉오일폼,33238.0
조성아레몬청클렌저,35929.0
클렌징밤,18603.0
퍼펙트휩,13012.0
린제이모델링팩,18849.0
참존콘트롤크림,30966.0
메디힐마스크팩,8703.0
라네즈립슬리핑마스크,14872.0
콜라겐마스크팩,14387.0
AHC마스크팩,19939.0
기미패치,18018.0
팔자주름패치,14040.0
주름패치,18911.0
수면팩,20819.0
리브이셀리프팅팩,32470.0
메디필콜라겐팩,33258.0
토리든마스크팩,26185.0
코팩,10163.0
헤라블랙쿠션리필,38693.0
에스티로더더블웨어파운데이션,48218.0
에스티로더파운데이션,49666.0
헤라쿠션,36567.0
클리오킬커버쿠션,17716.0
메이크업포에버UHD파우더,44812.0
설화수퍼펙팅쿠션,45549.0
입생로랑쿠션리필,53628.0
씨뮤즈매직쿠션,32019.0
하트퍼센트멜팅립스틱,20946.0
바이오더마립밤,25852.0
바세린립밤,4982.0
하트퍼센트립펜슬,21057.0
슈테인더손톱깎이,23631.0
손톱영양제,16808.0
슈테인더,20807.0
네일은재료빨,4278.0
미스터그린손톱깎이,30091.0
수제네일팁,18595.0
내성발톱자가치료,14967.0
미스터그린,23987.0
큐티클오일,8970.0
큐티클오일펜,6160.0
자석젤,14016.0
네일와이어,1875.0
도브바디워시,11263.0
뉴트로지나바디로션,15823.0
세타필크림,22076.0
바세린바디로션,8303.0
해피바스바디워시,7851.0
이솝핸드워시,82130.0
아모스샴푸,26345.0
반코르맥주효모샴푸,52609.0
닥터포헤어샴푸,27856.0
로마샴푸,53425.0
아모스컬링에센스2X,14332.0
샴푸바,11871.0
염색샴푸,20924.0
헤드앤숄더,16335.0
밀본염색약,6305.0
로레알염색약,9277.0
미장센염색약,6827.0
일회용염색약,12851.0
일회용염색,11133.0
폴미첼스프레이,31715.0
밀본니제르홀드핏베일스프레이,15249.0
흑채,21575.0
씨드비물염색,28160.0
순수염색약,20799.0
TS착한염색,21406.0
PPD없는염색약,28263.0
1회용염색약,12133.0
라라츄헤어쿠션,24184.0
제니하우스염색약,28121.0
시세이도염색약,10236.0
오토노우즈스탠드업,14345.0
리파하트브러쉬,36500.0
아베다브러쉬,22030.0
피지핀셋,7645.0
가닥속눈썹,7246.0
더툴랩,25567.0
미간주름패치,6642.0
여드름압출기,5809.0
MTS롤러,19303.0
남성청결제,21825.0
우르오스올인원,19610.0
우르오스,19308.0
우르오스스킨밀크,25885.0
남자올인원로션,23567.0
비오템옴므,64800.0
헤라옴므,67068.0
아이오페맨올인원,26861.0
쉐이빙폼,8188.0
보닌남성화장품,23087.0
우르오스스킨로션,21089.0
랩시리즈,52208.0
랩시리즈워터로션,47049.0
아이오페맨,55343.0
남자립밤,17340.0
아이폰15프로자급제,1726252.0
아이폰15자급제,1620079.0
A34자급제,396736.0
오페라글라스,31570.0
단망경,37583.0
콘서트망원경,29576.0
플라네타리움,110224.0
셀레스트론,500089.0
니쿠라망원경,18939.0
두피진단기,155741.0
55인치TV,523288.0
삼성75인치TV,1014324.0
75인치티비,1525067.0
32인치TV,200340.0
50인치TV,470837.0
75인치TV,1528394.0
삼성65인치TV,749467.0
하만카돈,291646.0
슈어이어폰,285128.0
고주파마사지기,165637.0
눈썹정리기,22660.0
QXD8000,306752.0
2채널블랙박스,161867.0
안드로이드올인원,357025.0
QXD1,445072.0
블랙박스보조배터리,330446.0
파인뷰블랙박스,153013.0
아이나비QXD8000,328113.0
토끼고기,51487.0
염소고기,112109.0
흑염소고기,77502.0
메추리,22348.0
메추리구이,23680.0
메추리고기,24219.0
염소한마리가격,311344.0
말고기,63961.0
꿩고기,126257.0
기러기고기,68059.0
흑염소농장,170653.0
흑염소한마리가격,367460.0
당나귀고기,176165.0
타조고기,32809.0
청원염소농장,260629.0
흑염소수육,41394.0
악어고기,4708.0
흑염소한마리,361498.0
거위고기,146375.0
엔드그레인도마,101709.0
에피큐리언도마,57157.0
실리콘도마,14771.0
TPU도마,12782.0
도블레도마,35968.0
모도리도마,67486.0
월넛도마,47440.0
캄포도마,56624.0
이유식도마,15164.0
느티나무도마,50722.0
소렉스도마,22914.0
실바니안블라인드백,7594.0
리본돌,83748.0
개비의매직하우스,37235.0
똘똘이,28189.0
리틀미미,17839.0
파올라레이나,32815.0
실바니안크리스마스,74698.0
리틀미미산리오,18087.0
토토로인형,28248.0
실바니안이층집,71594.0
폴리포켓,37288.0
콩순이인형,22802.0
걱정인형,5338.0
잔망루피인형,22536.0
수학보드게임,25958.0
오르다보드게임,138205.0
해커스토익1000제,15473.0
오르다,65526.0
리더스북,58865.0
바바파파클래식,27848.0
제이와이북스,14109.0
초등학생우산,12991.0
하스,33251.0
챔피언1250,34373.0
햄스터리빙박스,44989.0
햄스터은신처,6325.0
햄스터사료,6401.0
골든햄스터케이지,77461.0
햄스터쳇바퀴,21098.0
골든햄스터집,53530.0
햄스터베딩,6270.0
강아지산소방,34787.0
모모팜,6531.0
톱밥,7190.0
햄스터간식,2611.0
햄스터관찰존,30219.0
막심이네잡다상점,11612.0
도치퀸,6710.0
토끼사료,7546.0
건초,6593.0
티모시,8872.0
비둘기퇴치,11837.0
앵무새이동장,42627.0
앵무새놀이터,27737.0
육추기,47499.0
버드스파이크,12399.0
닭물통,18447.0
닭장만들기,161723.0
앵무새포치,13916.0
비둘기퇴치망,16366.0
쌍별귀뚜라미,19248.0
밀웜,4453.0
도마뱀사육장,38392.0
강아지옷장,42229.0
귀뚜라미먹이,12457.0
소라게,14024.0
크레스티드게코사육장,31791.0
누에,28185.0
강아지행거,32610.0
거북이육지,19369.0
아크릴사육장,37027.0
달팽이키우기,7667.0
거북이쉼터,17509.0
포맥스사육장,75114.0
강아지슬개골보호대,19809.0
장수풍뎅이,4802.0
판게아인섹트,44380.0
코코피트,4601.0
에스파앨범,13075.0
세븐틴캐럿반,12108.0
찰리푸스LP,52465.0
블루자이언트LP,87409.0
테일러스위프트LP,75439.0
크리스마스LP,45347.0
비틀즈LP,68914.0
지브리LP,65918.0
마이클부블레LP,49225.0
떡집시리즈,148210.0
캡틴언더팬츠,45543.0
미스터초밥왕,25720.0
어린이삼국지,41126.0
100층짜리집,30201.0
해리포터미나리마에디션,33667.0
알파블럭스,32201.0
지박소년하나코군만화책,5400.0
슬램덩크신장재편판,67851.0
WHO시리즈,165062.0
뮤직비디오,7305.0
후지칸나,90168.0
백예린LP,121096.0
만점왕,11416.0
그리스로마신화만화,11028.0
EBS파이널실전모의고사,5154.0
쿠버네티스,30417.0
맥스앤루비,51820.0
DRAGONMASTERS,41619.0
ATOZMYSTERIES,72092.0
네이트더그레이트,70000.0
드래곤마스터즈,41619.0
윔피키드,23240.0
영어원서,30619.0
로알드달,68429.0
도그맨,43613.0
반가사유상,52174.0
새차고사,26446.0
포대화상,57456.0
금강경사경,19845.0
천주교성물,21371.0
성모마리아상,44114.0
미사포,26692.0
가톨릭성물,22027.0
성물,22093.0
성물방,30081.0
성경필사,10803.0
개역한글성경,33278.0
예쁜성경책,30524.0
헌금함,66830.0
성경커버,25470.0
강대상,193935.0
교회강대상,199580.0
큰글씨성경책,62807.0
쉬운성경,31159.0
킹제임스성경,48530.0
KT기기변경,339893.0
효도폰,75274.0
갤럭시폴더2,114238.0
울트라대여,29679.0
갤럭시공기계,141852.0
폴더폰공기계,81330.0
아이폰중고,384665.0
2G폰,110548.0
삼성폴더폰,82550.0
갤럭시S23울트라대여,19896.0
갤럭시울트라대여,28542.0
공신폰,65919.0
아이폰SE1,149344.0
블랙베리핸드폰,235200.0
모토로라레이저폴더블,1449386.0
홍미노트13프로,10672.0
블랙베리,141953.0
로그폰7,1245320.0
홍미노트13,137605.0
포코F5,734995.0
구글픽셀8,1330409.0
블랙베리Q5,148224.0
픽셀8,1333663.0
블랙베리폰,235200.0
홍미노트12터보,270849.0
구글픽셀8프로,1560189.0
블랙베리클래식,173896.0
MHL케이블,14399.0
미러링케이블,16060.0
CTOC고속충전케이블,9411.0
삼성CTOC케이블,9188.0
8핀C타입젠더,3940.0
C타입이어폰젠더,7470.0
아이폰이어폰젠더,14367.0
CTOA젠더,5538.0
라이트닝TOC젠더,7912.0
아이폰젠더,9694.0
이어폰젠더,7676.0
스마트폰망원렌즈,35246.0
아이폰망원렌즈,52270.0
핸드폰망원렌즈,35246.0
휴대폰망원렌즈,34144.0
에이펙셀망원렌즈,56665.0
에이픽셀망원렌즈,69070.0
접사렌즈,24594.0
그립톡제작,4417.0
짱구그립톡,8878.0
거울그립톡,7032.0
SP커넥트,50494.0
핸드폰비즈스트랩,12420.0
키티스트랩,15279.0
핸드폰핑거스트랩,4895.0
다이소이어캡,1402.0
교통카드,6271.0
수화기,16641.0
미밴드8,46424.0
갤럭시워치640MM,254413.0
갤럭시워치644MM,332033.0
샤오미미밴드8,51921.0
스마트폰쿨러,24676.0
핸드폰발열,38155.0
맥세이프지갑,16390.0
위치추적기,51142.0
맥세이프링,6595.0
스마트태그2,16695.0
맥세이프카드케이스,15563.0
갤럭시스마트태그2,17145.0
갤럭시태그2,17221.0
맥세이프스티커,6330.0
아이폰맥세이프카드지갑,15417.0
티머니스티커카드,9643.0
애플카드지갑,16009.0
애플맥세이프카드지갑,15438.0
맥세이프카드,17054.0
에어태그,9854.0
삼성스마트태그2,24051.0
NFC스티커,13463.0
캐논100D,327762.0
캐논6D,1613912.0
5DMARK4,2588016.0
6DMARK2,1577411.0
캐논800D,810124.0
캐논5DMARK4,2648425.0
니콘D850,3896690.0
캐논70D,549967.0
캐논200D,709393.0
캐논600D,285634.0
5DMARK2,614239.0
5DMARK3,542613.0
캐논90D,1786408.0
캐논80D,1017890.0
D850,2938336.0
풀프레임미러리스,2973286.0
니콘ZF,1273471.0
소니A7M4,3847026.0
A7C2,3368021.0
캐논R7,1983048.0
A7M3,2351429.0
ZV-E10,1043724.0
리코GR3,1660245.0
리코GR3X,1773943.0
라이카카메라,3035683.0
후지필름X100V,3530076.0
캐논V10,660755.0
부이디지털카메라,42123.0
캐논G7XMARK3,1012173.0
X100V,3480446.0
소니ZV-1M2,1090974.0
소니ZV-1,1020929.0
라이카D-LUX7,1754179.0
후지X100V,2960805.0
캐논파워샷V10,657924.0
디토카메라,42413.0
FX3,4192309.0
소니FX3,4369390.0
레트로캠코더,101210.0
빈티지캠코더,112680.0
캠코더대여,35138.0
AX700,1919136.0
소니AX700,2573854.0
SONYFX3,1996763.0
FX30,3163765.0
어린이집약파우치,4717.0
약파우치,5164.0
비비앤빕,74333.0
따숩하곰,16166.0
아베크미엘,13570.0
키즈패딩조끼,49936.0
키즈경량조끼,31657.0
아기조끼,20925.0
캉골키즈조끼,94338.0
탑텐키즈조끼,24512.0
유아패딩조끼,32528.0
폴햄키즈조끼,24556.0
아워패딩조끼,36800.0
에뜨와조끼,27818.0
키즈경량패딩조끼,35438.0
아가방조끼,23653.0
블루독조끼,44056.0
아기패딩조끼,26897.0
여아패딩조끼,32669.0
주니어패딩조끼,34126.0
아동패딩조끼,49593.0
아기실내조끼,22352.0
블루독베이비조끼,39930.0
밍크뮤상하복,55793.0
에뜨와상하복,68149.0
아기상하복,28515.0
아가방상하복,40993.0
뉴발란스키즈세트,101092.0
임산부베개,46783.0
센스맘바디필로우,70284.0
해피테일즈,39101.0
머미쿨쿨베드,100600.0
임산부체험복,136743.0
임산부안전벨트,17380.0
임산부체험,146659.0
맘스안심패드,19885.0
굿바이밀티,42687.0
입덧밴드,29216.0
프렌치렉,28838.0
쉽새끼양갈비,36927.0
양갈비프렌치랙,27254.0
프렌치랙,28458.0
숄더랙,27659.0
쉽새끼,34904.0
양사태,23569.0
양껏머글램,51350.0
프랜치랙,43493.0
양배갈비,85644.0
SHEEP새끼,34904.0
양다리,54701.0
코스트코양고기,44274.0
코스트코양갈비,55477.0
니베아크림,6468.0
바이오더마인텐시브밤,40653.0
보로탈코바디크림,41022.0
바이오더마아토덤,24659.0
밀크아미노산크림,34992.0
일리윤수분크림,17600.0
바이오더마아토덤크림,24927.0
로라메르시에엠버바닐라,102204.0
일리윤세라마이드아토크림,30897.0
넛세린밤,42449.0
바이오더마아토덤인텐시브밤,40487.0
조말론바디크림,85279.0
보로탈코,40797.0
박찬호크림,85444.0
눅스오일,39347.0
뉴트로지나바디오일,26020.0
아니모마그네슘스프레이,54461.0
눅스,33637.0
마사지오일,22892.0
해피바스바디오일,16422.0
불리바디오일,94776.0
더마비바디오일,20595.0
샤넬바디오일,191143.0
이솝바디오일,55799.0
비욘드바디오일,26500.0
헉슬리바디오일,52068.0
눅스오일100ML,39919.0
아로마티카바디오일,34604.0
아베다오일,52039.0
NUXE오일,39542.0
러쉬바디스프레이,43720.0
샤넬바디미스트,79132.0
바디판타지,12909.0
낫포유바디미스트,33852.0
러쉬더티스프레이,73557.0
샤넬미스트,84590.0
비욘드바디미스트,15953.0
바디판타지바디미스트,12243.0
록시땅필로우미스트,40973.0
빅토리아시크릿바디미스트,29879.0
러쉬더티,59340.0
더바디샵화이트머스크,30143.0
러쉬트와일라잇,67324.0
씨퓨리바디미스트,33107.0
필로우미스트,30562.0
빅토리아시크릿바디로션,49195.0
베타인살리실레이트바디워시,39227.0
우르오스바디워시,15954.0
바이오가바디워시,33039.0
온더바디바디워시,8826.0
일리윤바디워시,19114.0
비욘드바디워시,19111.0
닥터브로너스,21826.0
대용량바디워시,11977.0
닥터브로너스바디워시,21816.0
쿤달바디워시,22838.0
록시땅바디워시,31835.0
이솝바디워시,60560.0
바이오가,31291.0
해피바스,7650.0
밀크바오밥바디워시,12554.0
우루오스바디워시,15823.0
때필링,12430.0
플루바디스크럽,21741.0
사봉바디스크럽,44313.0
더페이스샵때필링,12996.0
사봉,40008.0
지오마바디스크럽,33659.0
아무때나때필링,25735.0
베트남커피스크럽,23868.0
엄마의목욕탕레시피,24920.0
보들보들때필링,13847.0
트리헛바디스크럽,24982.0
라끄베르아무때나,27094.0
커피스크럽,34259.0
사봉스크럽,47761.0
트리헛시어슈가스크럽,23577.0
살국수때필링,17783.0
질세정제,31009.0
이너퍼퓸,21049.0
유리아쥬여성청결제,20699.0
질경이여성청결제,24148.0
크리노산,52358.0
아로마티카여성청결제,23076.0
질경이,25854.0
크리노산여성청결제,44005.0
와이블라썸,35300.0
유리아주여성청결제,21269.0
해피바스여성청결제,12264.0
유리아쥬진피,18295.0
이너케어젤,35278.0
리쥬븐세럼,106803.0
카소칸디큐,79542.0
록시땅비누,18788.0
뉴스킨바디바,49656.0
때비누,3586.0
오이비누,4726.0
뉴스킨비누,63209.0
바디바,27349.0
러쉬비누,18953.0
도브센서티브바미국,45877.0
무궁화때비누,13128.0
퓨어레비,26419.0
때비누추천,5311.0
아이깨끗해,11837.0
비욘드핸드크림,7131.0
아이깨끗해리필,12218.0
아트릭스핸드크림,10844.0
뉴트로지나핸드크림,20353.0
아이깨끗해대용량,21144.0
풋샴푸,11948.0
온더바디발을씻자,11822.0
고운발,8123.0
고운발크림,8252.0
발샴푸,13296.0
온더바디풋샴푸,11587.0
뉴트로지나풋크림,18244.0
풋크림,8816.0
발을씻자리필,21596.0
발각질제거팩,18094.0
풋스틱,14249.0
헬프미풋힐패치,24736.0
발크림,9104.0
코튼풋,11145.0
발각질제거제,16515.0
풋크림추천,9762.0
웰빙헬스고운발,9635.0
라셀턴풋솔루션,56214.0
배쓰밤,11155.0
러쉬입욕제,14804.0
식용엡섬솔트,59476.0
유노하나,42539.0
유노하나입욕제,42135.0
앱솜솔트,53460.0
엡섬솔트,22206.0
일본입욕제,10612.0
젤리입욕제,37870.0
선악과즙,53450.0
엡솜솔트,31990.0
족욕제,17275.0
러쉬배쓰밤,24477.0
사해소금,18018.0
러쉬버블바,14163.0
슬라임입욕제,32320.0
유칼립투스오일,17622.0
라벤더오일,18661.0
도테라오일,31136.0
아로마롤온,17708.0
페퍼민트오일,19955.0
로즈마리오일,17660.0
야몽,32590.0
천연아로마오일,16354.0
이솝진저플라이트,40596.0
도테라페퍼민트,49569.0
태국야몽,30206.0
야몽스틱,42550.0
아로마밤,17622.0
,
프라나롬,39219.0
데오드란트롤온,8519.0
데오드란트스프레이,11605.0
니베아데오드란트,9194.0
니베아데오드란트롤온,7698.0
크리스탈데오드란트,11976.0
데오드란트스틱,11457.0
풋데오드란트,20641.0
니베아데오드란트스틱,10782.0
이솝데오드란트,44112.0
셀프왁싱,19364.0
왁싱재료,24631.0
제모크림,12622.0
왁싱크림,15227.0
셀프브라질리언왁싱,21774.0
하드왁스,21413.0
슈가링왁싱,30082.0
브라질리언셀프왁싱,20846.0
슈가링왁스,41486.0
코털왁싱,18489.0
제모스프레이,28171.0
브라질리언제모크림,21970.0
러브제리,19248.0
아스트로글레이드,22983.0
마사지젤,25709.0
조아써젤,65408.0
아쿠아젤,6747.0
오르젤,86974.0
헤븐젤,55990.0
러브제리1위,19317.0
부부관계젤,20834.0
초음파젤,10758.0
셀룰라이트크림,43895.0
바른생각젤,24829.0
가버런비건젤,48636.0
질건조윤활제,29709.0
이너젤,32637.0
록시땅세트,45038.0
러쉬선물세트,56837.0
요아럽바디케어세트,64157.0
요아럽,61463.0
캐스키드슨어드벤트캘린더,103704.0
스킨부탁,22995.0
이솝선물세트,152236.0
슬로우허밍,46692.0
요아럽바디세트,150481.0
힐로소피,22621.0
아베다샴푸,71140.0
쿤달샴푸,17227.0
모다모다블랙샴푸,26635.0
헤드앤숄더클리니컬스트렝스,23556.0
아모스퓨어스마트샴푸,42092.0
닥터그루트샴푸,22327.0
려샴푸,12171.0
아모스녹차실감샴푸,22544.0
르네휘테르,36366.0
케라시스린스,10144.0
이브로쉐헤어식초,23749.0
아모스소프트닝컨디셔너,30139.0
헤어식초,18311.0
헤드앤숄더린스,13705.0
아베다컨디셔너,75656.0
리브인컨디셔너,38940.0
헤드스파7트리트먼트,26184.0
글라이신트리트먼트,36442.0
미장센트리트먼트,11281.0
모로칸오일트리트먼트,48415.0
단백질트리트먼트,18255.0
아모스트리트먼트,59468.0
헤드스파7,20759.0
쿤달트리트먼트,21965.0
어노브트리트먼트,29007.0
노워시트리트먼트,20039.0
LPP트리트먼트,17758.0
모르칸오일,45528.0
실크테라피,19099.0
아모스컬링에센스,11684.0
컬링에센스,11283.0
컬크림,16762.0
미장센퍼펙트세럼,11957.0
케라스타즈시몽테르미크,73148.0
에스테티카에센스,24814.0
아모스에센스,18099.0
두피에센스,26190.0
케라스타즈,57021.0
아르간오일,13571.0
다시마두피에센스,57396.0
헤어로션,13079.0
헤어플러스단백질본드앰플,22458.0
실크테라피오리지널,27162.0
극손상헤어팩,24876.0
헤어단백질팩,22585.0
로레알헤어팩,28650.0
츠바키헤어팩,31137.0
제이숲헤어팩,31172.0
단백질헤어팩,24216.0
엠세라드헤어팩,9744.0
쏘미미헤어팩,39613.0
물미역헤어팩,39469.0
라로지크헤어팩,33096.0
츠바키,19772.0
디올헤어미스트,69523.0
바이레도헤어퍼퓸,100144.0
샤넬헤어미스트,85328.0
입생로랑헤어미스트,71071.0
미스디올헤어미스트,77829.0
리브르헤어미스트,79096.0
딥디크헤어미스트,98122.0
매직헤어미스트,27725.0
데일리원더헤어핌매직스프레이,43530.0
입생로랑리브르헤어미스트,76113.0
매직스프레이,34338.0
달바헤어미스트,42813.0
헤어핌매직스프레이,44692.0
투페이스,4311.0
헤어토닉,22682.0
두피앰플,45451.0
두피스케일링,25822.0
바이브랩두피앰플,34454.0
닥터모리엔,33711.0
두피팩,30736.0
두피토닉,19196.0
두피스케일러,22178.0
헤어스칼프앤브로우앰플,27461.0
닥터모리엔헤어토닉,31697.0
닥터포헤어폴리젠샴푸,28073.0
닥터포헤어,27233.0
바이오가샴푸,54557.0
닥터그루트탈모샴푸,22490.0
라보에이치,21396.0
티에스샴푸,26236.0
바이오틴샴푸,32645.0
닥터방기원샴푸,21578.0
하오니코클리닉,157564.0
보타랩,54666.0
프라우허,26500.0
밀크바오밥,10852.0
사사키샴푸,53109.0
시세이도클리닉,123548.0
프라우허샴푸바,13800.0
누아쉬샴푸,51167.0
아베다,42217.0
그루밍토닉,20113.0
포마드왁스,19038.0
다슈,13225.0
다슈컬크림,19126.0
포마드,20354.0
갸스비왁스,15357.0
아모스왁스,35731.0
미장센왁스,9103.0
스틱왁스,17400.0
잔머리픽서,15437.0
모웰프리즈왁스,14687.0
가스비왁스,14762.0
다슈그루밍토닉,19186.0
다슈왁스,15029.0
볼륨바이태양,13058.0
로레알헤어스프레이,16830.0
아모스스프레이,31356.0
갸스비스프레이,17044.0
웰라스프레이,29213.0
미장센스프레이,9646.0
밀본스프레이,14910.0
다슈스프레이,21076.0
헤어픽서,13351.0
로레알스프레이,18628.0
가스비스프레이,16631.0
니제르홀드핏베일,15234.0
꽃을든남자스프레이,7686.0
미쟝센스프레이,9530.0
헤드스파7볼륨매직스타일러,57738.0
로레알에르네뜨스프레이,19085.0
헤어무스,12084.0
AZH,44936.0
남자헤어젤,11059.0
헤어젤,6442.0
아윤채컬크림,51139.0
물염색,26983.0
려염색약,12518.0
금목서향수,39901.0
산타마리아노벨라프리지아,82681.0
불가리향수,89079.0
르라보어나더13,160543.0
프레데릭말포트레이트오브어레이디,236442.0
톰포드화이트스웨이드,265208.0
조말론우드세이지앤씨솔트,99526.0
조말론잉글리쉬페어앤프리지아,96707.0
랑방향수,33032.0
끌로에향수,87959.0
크리드어벤투스,277484.0
존바바토스아티산,42088.0
디올소바쥬,112120.0
크리드향수,282242.0
몽블랑향수,70098.0
포맨트향수,47681.0
포맨트코튼허그,44163.0
블루드샤넬,121208.0
샤넬남자향수,130540.0
파코라반원밀리언,103926.0
존바바토스향수,44542.0
샤넬알뤼르옴므스포츠,134742.0
몽블랑익스플로러,65004.0
존바바토스,43754.0
조말론블랙베리앤베이,94436.0
클린웜코튼,40769.0
딥디크도손,129092.0
르라보상탈33,163942.0
플레르드뽀,122381.0
톰포드오드우드,221664.0
이솝테싯,134562.0
딥디크오르페옹,155097.0
메종마르지엘라레이지선데이모닝,96607.0
메종마르지엘라재즈클럽,98553.0
딥디크필로시코스,155203.0
CK향수,52739.0
에르메스향수세트,130317.0
롱테이크향수,44045.0
조말론어드벤트캘린더,785106.0
딥디크어드벤트캘린더,841408.0
딥디크디스커버리,149270.0
피카소스파츌라,22168.0
등로션바르기,12306.0
센녹,32575.0
반영구디자인펜슬,2762.0
헤나타투,4296.0
반영구색소,27812.0
타투스티커제작,5692.0
타투커버스티커,7111.0
타투가리는스티커,10609.0
페이스스티커,3627.0
타투니들,22669.0
반영구재료,15282.0
타투잉크,25325.0
반영구고무판,5178.0
마취연고,30698.0
실리콘공병,7267.0
화장솜케이스,5876.0
롤온공병,809.0
여행용공병,4424.0
산리오공병,12353.0
화장품소분용기,1246.0
스포이드공병,750.0
물파스공병,1802.0
트라발로향수공병,18660.0
샴푸공병,4283.0
애프터쉐이브,27022.0
오딧세이스킨,18037.0
헤라옴므스킨,48797.0
아라미스스킨,60712.0
멘넨스킨브레이서,9199.0
에프터쉐이브,21073.0
비오템,51005.0
올드스파이스,36269.0
아라미스,59629.0
클럽맨피노드,27105.0
비오템옴므아쿠아파워,47013.0
비오템옴므포스수프림,98739.0
보닌더스타일,30981.0
설화수본윤,86348.0
무스타치세럼,47177.0
남자톤업크림,26011.0
남성수분크림,40063.0
남자수분크림,39010.0
이지에프새살연고,45384.0
대웅제약이지에프새살연고,37843.0
이지듀EGF재생크림,24528.0
올인원로션,24233.0
비오템올인원,60002.0
아이디얼포맨올인원,25018.0
헤라옴므올인원,47567.0
랩시리즈올인원,53543.0
비오템선크림,69325.0
남자선크림,27309.0
남자썬크림,27072.0
비레디선크림,30675.0
남자톤업선크림,23415.0
남자파운데이션,33786.0
비레디파운데이션,30614.0
오브제파운데이션,51489.0
헤라옴므CC크림,40031.0
남자발색립밤,17584.0
비레디,22449.0
듀이셀큐라톤즈,34401.0
남자비비크림,24045.0
다슈립밤,15511.0
그라펜립밤,20116.0
아이오페맨에어쿠션,27236.0
위장크림,16756.0
비레디쿠션,23196.0
이니스프리위장크림,12853.0
면도크림,11020.0
쉐이빙젤,9381.0
니베아쉐이빙폼,11779.0
질레트쉐이빙폼,7913.0
바버501,25883.0
질레트면도젤,14316.0
질레트쉐이빙젤,10959.0
바버501쉐이빙부스터,28346.0
면도젤,10436.0
쉐이빙부스터,29770.0
레이지소사이어티,24799.0
질레트면도크림,15783.0
항문세정제,31738.0
롱타임스프레이,39913.0
트루킹,648000.0
닥터빠르마,67326.0
아너스플리,81194.0
조루스프레이,21416.0
사노바스프레이,26861.0
중심얼얼,35286.0
항문청결제,28920.0
조루예방,32371.0
비아브로,73779.0
헤라옴므스킨로션,69785.0
오딧세이블랙,56046.0
오휘포맨,27998.0
헤라남성화장품,66278.0
헤라옴므세트,64051.0
설화수남성화장품,85150.0
아이오페맨바이오,66997.0
헤라옴므블랙,52736.0
헤라옴므2종,69158.0
프리메라맨오가니언스,45017.0
보닌더캐릭터,26543.0
클라랑스넥크림,110599.0
넥크림,40332.0
목주름,29035.0
넥크림추천,41020.0
정유미넥크림,119612.0
클라랑스엑스트라퍼밍넥크림,118652.0
클라랑스,75323.0
클라란스,76036.0
포켓몬카드박스,22807.0
포켓몬카드앨범,10895.0
포켓몬카드151,30523.0
레이징서프,13678.0
포켓몬카드레이징서프,14934.0
쿠키런킹덤카드,6390.0
포켓몬가오레5성,24620.0
포켓몬가오레,12453.0
이브이히어로즈,18256.0
포켓몬151,21061.0
흑염의지배자,15180.0
쿼카인형,17009.0
개구리인형,18955.0
수달인형,21975.0
연작베이스프렙,49999.0
맥스트롭크림,66461.0
연작,50047.0
꾸셀베이스,21972.0
샤넬메이크업베이스,93062.0
리엔케이빛크림,25265.0
꾸셀,21637.0
비디비치스킨일루미네이션,49808.0
모공관리멀티밤스틱,19620.0
가히한겹크림,44761.0
정샘물베이스,32349.0
조성아물분크림,21750.0
샤넬베이스,88518.0
조성아레이빔업,46795.0
조성아레이빔업크림,37188.0
맥톤업밤,74400.0
트윈케익,17417.0
투웨이케익,17223.0
미쯔요시,21979.0
나스컨실러,42972.0
루나컨실러,15316.0
더샘컨실러,8328.0
클리오컨실러,13908.0
더샘컨실러펜슬,10625.0
꾸셀컨실러펜슬,29718.0
데이지크컨실러팔레트,32122.0
스틱컨실러,14331.0
컨실러팔레트,28100.0
컨실러펜슬,14498.0
메디큐브컨실러,26371.0
레뜨레컨실러,30542.0
한스킨컨실러,25790.0
바비브라운컨실러,63121.0
더샘팟컨실러,12959.0
베이비반즈이어머프,107838.0
아기귀도리,10337.0
유아귀마개,13410.0
유아귀도리,10742.0
베이비반즈,55020.0
노스페이스키즈귀마개,33521.0
노스페이스키즈이어머프,40774.0
키즈이어머프,27458.0
여아귀마개,12232.0
어그키즈귀마개,28363.0
초등귀마개,11531.0
아기목도리,9063.0
유아페이크목폴라,6773.0
아기페이크목폴라,6430.0
유아넥워머,8159.0
키즈넥워머,9093.0
아기넥워머,9301.0
아기머플러,8917.0
아동페이크목폴라,6246.0
밍크뮤목도리,30848.0
아동넥워머,10746.0
노스페이스키즈목도리,34071.0
에뜨와목도리,29167.0
아기목수건,4952.0
아기스카프,8005.0
유아스카프,5385.0
유아목수건,4924.0
목수건,4706.0
아기목스카프,5308.0
어린이목수건,4625.0
유아목스카프,4754.0
아기케이프,13958.0
유아미술가운,17757.0
아기미술가운,20446.0
미술가운,18118.0
아기앞치마,18277.0
아기앞치마두건,16963.0
어린이선글라스,16532.0
유아선글라스,26097.0
아기선글라스,30358.0
유아래쉬가드,25204.0
배럴키즈,43096.0
뉴발란스키즈래쉬가드,51108.0
여아실내수영복,30822.0
생존수영수영복,45723.0
초등여아수영복,32461.0
배럴키즈수영복,46449.0
브라이트스타트바운서,56549.0
크래들스윙,83747.0
전동바운서,129270.0
마마루바운서,82562.0
먼치킨바운서,212614.0
포맘스스마트바운서,228207.0
아기흔들의자,119804.0
코지스윙바운서,148320.0
타이니러브바운서,125456.0
아기보행기,84301.0
엔픽스보행기,159073.0
엔픽스360,151017.0
엔픽스,159628.0
이븐플로엑서쏘서,228484.0
장난감대여,18702.0
이븐플로쏘서,202496.0
엑서쏘서,239111.0
위고,26378.0
브라이트스타트,77150.0
아기장난감대여,18023.0
점퍼루대여,14437.0
피셔프라이스점퍼루,177610.0
졸리점퍼슈퍼스탠드,130247.0
개구리점퍼루,79698.0
라라비스윙점퍼,145170.0
라라비,118973.0
디즈니쏘서,91796.0
쏘서점퍼루,104087.0
파크론매트,89147.0
폴더매트,93176.0
TPU매트,19686.0
파크론롤매트,64567.0
글씨체연습,21526.0
면접예상질문,8500.0
벼루,54786.0
펜글씨교본,17207.0
김광석LP,220380.0
유재하LP,104124.0
모루철사,1788.0
마니랜드,2663.0
레진몰드,5108.0
모루인형재료,3628.0
밍크모루,6315.0
UV레진,10534.0
레진아트세트,21174.0
알파벳비즈,1505.0
레진아트재료,2393.0
뽀글이모루,5182.0
쪼만한마을,2113.0
포스터제작,7515.0
포스터출력,8242.0
그대들어떻게살것인가포스터,15362.0
제로퍼제로,13911.0
그대들은어떻게살것인가굿즈,16089.0
메가박스굿즈,31148.0
그대들은어떻게살것인가포스터,15540.0
그대들어떻게살것인가굿즈,16089.0
A2인쇄,9414.0
파니니카드,51248.0
축구카드,29778.0
스타벅스카드,2854.0
씨네샵,10426.0
수석,100596.0
석고상,36398.0
손흥민카드,41508.0
파니니EPL,4870.0
카드쉘,10277.0
축구선수카드,22234.0
파니니프리즘,23722.0
파니니축구카드,43836.0
EPL파니니,7153.0
암모나이트화석,52835.0
코롯토제작,9785.0
도코데모잇쇼,42007.0
네온테트라,24465.0
테트라비트,11438.0
거북이사료,7426.0
구피사료,7228.0
냉짱,11123.0
구피먹이,6830.0
실지렁이,3643.0
물벼룩,25524.0
감마루스,6416.0
냉동브라인쉬림프,14533.0
거북이밥,7034.0
카디널테트라,31037.0
현무암,17082.0
소일,13558.0
베타침대,2650.0
CRS새우,8306.0
관상용새우,5491.0
야마토새우,11036.0
어항바닥재,4450.0
루바망,4443.0
코리도라스,25748.0
흑사,5035.0
산호사,16916.0
애플스네일,25073.0
수이사쿠사이펀,20954.0
플로엑셀,9645.0
멜라픽스,16412.0
비파물고기,19265.0
베타어항,21232.0
어항받침대,72211.0
자동청소어항,74274.0
거북이키우기,43542.0
아크릴어항,31718.0
원스팜,112413.0
어항뚜껑,11203.0
3자어항,90392.0
일체형어항,74376.0
음성수초,6044.0
포트수초,5233.0
미크로소리움,7736.0
수초키우기,4216.0
부상수초,3965.0
부세파란드라,14391.0
붕어마름,4082.0
전경수초,5265.0
씨앗수초,6221.0
발리스네리아,4401.0
그로잇,7309.0
하이그로필라,5068.0
암브리아,5242.0
어항기포기,23070.0
콩돌,3099.0
영남브로와,105043.0
어항산소공급기,17514.0
무소음기포기,32839.0
어항산소발생기,24838.0
브로와,41679.0
대광기포기,22706.0
페리하히터,21426.0
어항온도조절기,32492.0
대일냉각기,521758.0
수초조명,44732.0
구유조명,49601.0
메탈라이트,64443.0
메탈라이트플랜츠,35607.0
트윈스타,64545.0
트윈스타조명,57158.0
싸다군,3713.0
스펀지여과기,6012.0
측면여과기,8707.0
상면여과기,30541.0
거북이여과기,21206.0
집똥기,26468.0
에하임2217,156115.0
저면여과기,7567.0
유막제거기,23795.0
QQ1500,46146.0
에하임2215,98271.0
하늘바람집똥기,17788.0
에스쁘아비글로우,33819.0
네이밍쿠션,31367.0
네이밍레이어드핏쿠션,32390.0
스틱파운데이션,22745.0
헤라글로우래스팅파운데이션,59415.0
RMK,49124.0
샤넬루쥬코코플래쉬90,83054.0
하트퍼센트멜팅,20903.0
아워글래스글로시밤,60981.0
마몽드크리미틴트컬러밤,28028.0
샤넬루쥬코코플래쉬,58364.0
헤라립스틱,31054.0
틴톤꽃립스틱,36971.0
샤넬루즈코코플래쉬90,89023.0
맥락드키스립스틱,39806.0
바비브라운립밤,49995.0
디올어딕트립글로우,36922.0
맥립밤,33497.0
버츠비립밤,8723.0
바세린립테라피,5221.0
챕스틱,8654.0
록시땅립밤,23457.0
한율립밤,12733.0
키엘립밤,20930.0
라부르켓립밤,77921.0
디올맥시마이저,46522.0
디올립맥시마이저,40490.0
뮤드드리즐밤,34196.0
디올립글로즈,45602.0
디올어딕트립맥시마이저,57274.0
페리페라잉크글래스팅립글로스,12395.0
헤라센슈얼누드글로스,34583.0
투슬래시포,33031.0
샤넬립글로즈,73957.0
헤라란제리,57913.0
페리페라립글로스,12665.0
롬앤글래스팅워터글로스,15187.0
헤라누드글로스,35634.0
헤라스피치리스,39130.0
립플럼퍼,14776.0
바비브라운립글로스,62183.0
바닐라코립플럼퍼,18900.0
롬앤쥬시래스팅틴트,12403.0
베네피트틴트,26888.0
에뛰드픽싱틴트,12861.0
페리페라틴트,6474.0
에이오유사과밤,25270.0
릴리바이레드틴트,13003.0
차차틴트,29154.0
헤라틴트,30790.0
페리페라잉크무드글로이,12435.0
베네피트스플래시틴트,34276.0
토니모리쇼킹립,11237.0
어뮤즈듀틴트,17778.0
3CE블러워터틴트,18462.0
롬앤블러퍼지틴트,17111.0
클리오벨벳립펜슬,14567.0
클리오립펜슬,14567.0
롬앤립펜슬,18972.0
바닐라코립펜슬,18325.0
맥립펜슬,36481.0
바닐라코스머징립펜슬,18287.0
홀리카홀리카립펜슬,12974.0
하트퍼센트립펜슬로즈베이지,31136.0
하트퍼센트로즈베이지,28122.0
더샘립펜슬,14181.0
올리브영립라이너,27282.0
바비브라운섀도우,45204.0
웨이크메이크섀도우팔레트,25353.0
데이지크섀도우팔레트,29746.0
페리페라올테이크무드팔레트,17315.0
프로타주펜슬,15664.0
홀리카홀리카섀도우,10957.0
스틱섀도우,14171.0
자빈드서울아이프라이머,20662.0
맥아이섀도우,28911.0
클리오섀도우팔레트,19903.0
로라메르시에진저,47983.0
바비브라운스틱섀도우,40832.0
크리니크마스카라,51707.0
키스미마스카라,15145.0
에뛰드마스카라,7960.0
키르시블렌딩,14265.0
에뛰드컬픽스마스카라,15816.0
클리오마스카라,15859.0
페리페라마스카라,14418.0
홀리카홀리카마스카라,13808.0
랑콤마스카라,52904.0
뮤드마스카라,25187.0
투명마스카라,19420.0
미샤마스카라,8334.0
메이블린마스카라,21923.0
데자뷰마스카라,20636.0
마스카라픽서,10308.0
에스티로더마스카라,59713.0
에뛰드마스카라픽서,9938.0
로레알마스카라,28029.0
아이브로우펜슬,9739.0
눈썹펜슬,9280.0
슈에무라하드포뮬라,26393.0
베네피트아이브로우,42405.0
눈썹타투펜,12513.0
에보니펜슬,16439.0
클리오킬브로우오토하드브로우펜슬,14610.0
이니스프리아이브로우,7257.0
슈에무라아이브로우,35906.0
바비브라운아이브로우,64674.0
베네피트프리사이슬리,28245.0
페리페라스피디스키니브로우,6410.0
아이브로우마스카라,18253.0
클리오아이브로우,13233.0
눈썹마스카라,24972.0
맥아이브로우,27389.0
슈에무라,28158.0
클리오킬브로우,9052.0
키스미아이브로우,11218.0
디올튀튀,96686.0
디올블러셔,73010.0
나스블러셔,40842.0
크리니크치크팝,23321.0
디올튀튀블러셔,108481.0
디올루즈블러쉬,76686.0
디올백스테이지글로우페이스팔레트,85429.0
나스섹스어필,46941.0
3CE블러셔,13744.0
크림블러셔,37975.0
맥블러셔,41683.0
디올블러셔튀튀,108481.0
하킷블러셔,33412.0
세잔느,12345.0
세잔느블러셔,17271.0
나스리퀴드블러셔,60778.0
맥웜소울,68369.0
나스섹스어필블러셔,50783.0
매드피치블러셔,26125.0
쉐딩스틱,13389.0
투쿨포스쿨쉐딩,16092.0
디올하이라이터,94722.0
에뛰드그림자쉐딩,25590.0
글린트하이라이터,27042.0
맥하이라이터,54594.0
클리오하이라이터,18241.0
페리페라쉐딩,13196.0
에뛰드쉐딩,23262.0
클리오프리즘하이라이터,17030.0
오프라하이라이터,50403.0
에뛰드쉐딩스틱,11627.0
조효진쉐딩스틱,49563.0
페리페라브이쉐딩,13375.0
로라메르시에하이라이터,71686.0
컬러그램쉐딩스틱,12434.0
디올홀리데이2023,186656.0
맥어드벤트캘린더,417528.0
디올홀리데이,100908.0
더스티키링,7281.0
2023홀리데이,117950.0
맥홀리데이2023,109777.0
시럽젤네일,10232.0
요거트젤발레리나,44550.0
시럽젤,11026.0
지젤리베이스젤,17682.0
요거트젤,27962.0
더젤,10014.0
더젤젤네일,12445.0
네일바요,8159.0
메이유어시럽젤,30017.0
시럽네일,10324.0
요거트젤쿠키베어,37026.0
탑젤,10173.0
베이스젤,13633.0
모어젤,51346.0
프롬더네일,10910.0
리본파츠,1017.0
네일리본파츠,1039.0
네일파츠대장,1302.0
백억언니,2283.0
자석젤네일,12442.0
오호라젤네일,40439.0
손톱강화제,15128.0
셀라큐어문제성발톱셀라솔루션,78536.0
손톱물어뜯기방지,15579.0
네일영양제,17084.0
네일오일펜,8846.0
셀허브리페어세럼,65551.0
케라셀네일,40901.0
네일오일,14859.0
오일펜,7794.0
발톱연화제,29727.0
더마큐엘보이델라,58200.0
손톱오일,17230.0
케라셀,35637.0
퓨어아세톤,10610.0
큐티클리무버,7195.0
젤네일리무버,5332.0
아세톤,6079.0
젤클리너,8352.0
젤리무버,7738.0
젤네일제거,6141.0
쏙오프,5792.0
777손톱깎이,11749.0
네일니퍼,30986.0
일본손톱깎이,17799.0
카이손톱깎이,8040.0
네일손목받침대,22895.0
그린벨손톱깎이,12912.0
쓰리세븐손톱깎이,9960.0
젤네일세트,43427.0
네이처리퍼블릭마일드크림,25190.0
일리윤바디로션,20197.0
세타필로션,21080.0
해피바스바디로션,14389.0
더마비바디로션,17009.0
니베아바디로션,8921.0
아비노바디로션,18409.0
비욘드바디로션,25450.0
알로에수딩젤,7713.0
록시땅바디로션,41124.0
온더바디바디로션,11953.0
향좋은바디로션추천,14280.0
일리윤울트라리페어로션,25694.0
피지오겔바디로션,33728.0
아기니트,29277.0
폴로키즈니트,95029.0
빈폴키즈니트,84975.0
주니어니트,160473.0
미샤앤퍼프,141901.0
캉골키즈니트,68393.0
남아니트,34243.0
여아가디건,31534.0
아기가디건,28822.0
폴로키즈가디건,94280.0
닥스키즈가디건,113963.0
빈폴키즈가디건,89318.0
밍크뮤가디건,71404.0
라코스테키즈,98040.0
남아가디건,32295.0
버버리키즈가디건,493069.0
폴로걸즈가디건,82400.0
폴햄키즈바지,14972.0
탑텐키즈바지,14622.0
아오스타,17233.0
주니어기모바지,18857.0
래핑차일드,24983.0
블루독바지,36378.0
뉴발란스키즈바지,53496.0
캉골키즈바지,50022.0
튜튜스커트,27297.0
모모앤,28985.0
화동드레스,48646.0
아기드레스,48436.0
콩쿨드레스,55288.0
아기돌드레스,58759.0
주니어드레스,58510.0
돌드레스대여,64977.0
백일드레스,37763.0
화동드레스대여,64737.0
베베드피노원피스,72247.0
프렌치캣원피스,60366.0
닥스키즈원피스,155753.0
티니핑원피스,36450.0
치크원피스,26442.0
페리미츠원피스,32239.0
레노마키즈원피스,30296.0
프랜치캣원피스,60504.0
에뜨와원피스,73235.0
로엠걸즈원피스,30460.0
밀리밤원피스,18328.0
밍크뮤원피스,71688.0
베네통키즈원피스,102952.0
헤지스키즈원피스,79276.0
남아정장,44278.0
아기정장,46854.0
압소바정장,120211.0
에뜨와정장,130773.0
주니어정장,46826.0
돌아기정장,41094.0
남아하객룩,42601.0
아가방정장,75610.0
아기정장대여,56187.0
남아정장대여,68308.0
키즈트레이닝세트,42221.0
주니어트레이닝세트,41481.0
아디다스키즈트레이닝,40529.0
아디다스키즈세트,42570.0
주니어트레이닝바지,21943.0
블루독상하복,51545.0
노스페이스키즈후리스,67255.0
버버리키즈,548796.0
노스페이스키즈플리스,67255.0
파타고니아키즈,153213.0
키즈플리스자켓,45648.0
노스페이스키즈바람막이,83585.0
NJ3NP51,149621.0
디스커버리키즈후리스,84980.0
노스페이스후리스키즈,69302.0
주니어후리스,48912.0
블랙야크키즈후리스,46360.0
네파키즈후리스,33490.0
블루독패딩,138488.0
여아경량패딩,69757.0
유아경량패딩,71168.0
헤지스키즈패딩,181788.0
MLB키즈패딩,141554.0
닥스키즈코트,289367.0
헤지스키즈코트,225336.0
프렌치캣코트,157295.0
남아코트,46801.0
레노마키즈코트,76153.0
페리미츠코트,61691.0
빈코트,140706.0
빈폴키즈코트,261236.0
프랜치캣코트,157625.0
로아앤제인코트,112688.0
밍크뮤코트,126649.0
키즈더플코트,209772.0
주니어코트,87497.0
아기코트,56067.0
룰라비코트,157916.0
티파니코트,133976.0
레이몬드웨일,1507505.0
카시오M305,232002.0
루미녹스시계,555979.0
MTPM305,353898.0
아이그너시계,326535.0
MTP-M305,232002.0
카시오MTPM305,353898.0
루미녹스,540629.0
어린이손목시계,17423.0
어린이스마트워치,31486.0
산리오시계,21153.0
시나모롤시계,26921.0
초등학생시계,21342.0
키즈스마트워치,31486.0
포켓몬시계,23301.0
초등시계,20228.0
유아시계,58695.0
스와치아동시계,60963.0
카시오어린이시계,30373.0
한국금거래소골드바,1650133.0
순금열쇠,636794.0
금거북이,1175692.0
순금명함,240565.0
금열쇠,1538077.0
황금열쇠1돈,400632.0
순금카드,337508.0
돌잔치선물,266194.0
행운의열쇠,836289.0
황금열쇠,709523.0
황금열쇠3돈,1360440.0
스카프링,5826.0
코도리,7473.0
캐시미어빗,19286.0
코스크,13697.0
모남희옷,3246.0
모남희꼬르소꼬모,83606.0
실리실라스,43775.0
시계줄공구,6823.0
시계폴리싱,19709.0
폴리워치,18329.0
시계줄줄이기,2589.0
케이프코드,1457969.0
다이소시계공구,7077.0
손목시계건전지교체,4459.0
스킨푸드당근패드,16267.0
토너패드,17479.0
독도토너,18979.0
닥터지토너,22877.0
라네즈크림스킨,25000.0
아누아어성초토너,27709.0
아누아어성초패드,31563.0
설화수자음수,62404.0
설화수스킨,71327.0
키엘카렌듈라토너,69968.0
키엘토너,57296.0
브링그린티트리시카수딩토너,16021.0
어성초패드,23314.0
히알루론산토너,15984.0
당근패드리필,24274.0
달바화이트트러플미스트세럼,21856.0
가히미스트,28538.0
달바세럼,29007.0
인셀덤오일미스트,32905.0
어반디케이픽서,37522.0
달바로얄세럼,41821.0
인셀덤미스트,32757.0
메이크업픽서,21236.0
뉴스킨미스트,28798.0
가희미스트,28638.0
달바세럼미스트,22340.0
알로에미스트,10458.0
차앤박미스트,13240.0
아벤느미스트,24850.0
티트리오일,15079.0
원씽호호바오일,27255.0
겔랑오일,186278.0
타마누오일,18070.0
동백오일,19252.0
로즈힙오일,20635.0
더바디샵티트리오일,22910.0
핑크원더호호바오일,66560.0
데저트호호바오일,34437.0
밍크오일,73963.0
에센허브티트리오일,29027.0
유스트오일,55983.0
클라란스페이스오일,78989.0
유기농호호바오일,18972.0
바이오오일,25112.0
터키장미오일,23664.0
설화수세트,96174.0
아이오페슈퍼바이탈,89656.0
오휘기초세트,74459.0
참존기초세트,49491.0
본에스티스다이아몬드리페어퍼펙트,632778.0
다이아몬드리페어퍼펙트세트,827790.0
수려한기초세트,69366.0
설화수자음3종,122777.0
프리메라오가니언스,50240.0
본에스티스,326731.0
헤라기초세트,130909.0
헤라에이지어웨이,87507.0
설화수탄력3종,108576.0
한율빨간쌀,63318.0
선스프레이,16461.0
비오레선미스트,21334.0
김정문알로에선스틱,33575.0
스틱선크림,18544.0
시세이도스틱파운데이션,48883.0
가히아쿠아밤,29054.0
선쿠션,17716.0
엘로엘선쿠션,19657.0
엘로엘팡팡빅선쿠션,25277.0
AHC선쿠션,21849.0
달바선쿠션,44101.0
썬팩트,17378.0
톤업선쿠션,24374.0
식물나라선쿠션,23538.0
톤핏선선쿠션,29151.0
블리브유,42406.0
프란츠,28781.0
AHC선크림,20430.0
센카폼클렌징,12166.0
설화수클렌징폼,37532.0
뉴트로지나폼클렌징,14023.0
레몬청클렌저,21989.0
비플레인녹두약산성클렌징폼,17118.0
마녀공장클렌징폼,12942.0
약산성클렌징폼,10652.0
헤라폼클렌징,25203.0
센카,12935.0
토리든클렌징폼,19307.0
슈에무라클렌징오일,77007.0
설화수클렌징오일,40817.0
한스킨클렌징오일,24282.0
아누아클렌징오일,24315.0
넘버즈인클렌징오일,27263.0
뉴트로지나클렌징오일,23855.0
티스클렌징오일,21440.0
랑벨클렌징오일,27723.0
비플레인녹두클렌징오일,22927.0
바비브라운클렌징오일,63992.0
메이크프렘클렌징오일,25580.0
그레이멜린클렌징오일,18913.0
폰즈클렌징오일,27361.0
치노시오야클렌징오일,51506.0
이니스프리클렌징오일,22313.0
순행클렌징오일,43141.0
헤라클렌징오일,41931.0
미감수클렌징크림,15068.0
뉴트로지나클렌징크림,25902.0
메디큐브클렌징밤,47090.0
클린잇제로,19156.0
당근클렌징밤,38722.0
마녀공장클렌징밤,19244.0
에이프릴스킨클렌징밤,34135.0
클렌징로션,27442.0
비오투름클렌징밀크,28982.0
메이크프렘클렌징밀크,27367.0
비오텀클렌징밀크,28542.0
비오투름,28232.0
마리꼬클렌징밀크,63742.0
청미정클렌징밀크,38616.0
순녹클렌징밀크,28713.0
뉴트로지나클렌징로션,25989.0
시드물클렌징밀크,29459.0
클렌징밀크추천,27483.0
메이크프렘,15628.0
피부과클렌징밀크,48265.0
주닥,43361.0
듀이트리클렌징밀크,21214.0
아벤느클렌징젤,24131.0
청보리젤클렌저,40988.0
벨프리모안티크네,47283.0
제로이드클렌징젤,38071.0
비건이펙트,40667.0
아벤느클리낭스클렌징젤,25414.0
벨프리모젤클렌저,47283.0
비건이펙트청보리,41480.0
시타,37903.0
균제거클렌저,26340.0
아벤느,22677.0
피지오겔클렌징젤,30991.0
뉴스킨갈바닉젤,94588.0
벨프리모안티크네젤클렌저,47283.0
LHA젤클렌저,33829.0
아크웰클렌징젤,18878.0
바이오더마센시비오클렌징워터,26885.0
더샘클렌징워터,10895.0
바이오더마센시비오,20743.0
독도클렌징워터,17749.0
BIODERMA,21653.0
바이오더마세비엄,24730.0
메디큐브제로모공패드,26821.0
메디큐브모공패드,25839.0
메디큐브패드,25441.0
참존클렌징티슈,73215.0
스트라이덱스,20560.0
모공패드,22445.0
비페스타클렌징티슈,19845.0
아리얼클렌징티슈,11975.0
스트라이덱스패드,21260.0
나이팅게일클렌징패드,22750.0
더페이스샵클렌징티슈,7763.0
제로모공패드,28140.0
이니스프리클렌징티슈,5443.0
아이보리비누,18319.0
헤라비누,7775.0
세수비누,16999.0
도브뷰티바,12612.0
어성초비누,8275.0
알뜨랑비누,20730.0
다이알비누,33167.0
세안비누,10311.0
도브센서티브바,16650.0
해피바스비누,11562.0
폴메디슨비누,16660.0
스웨덴에그비누,29030.0
휴대용비누,6404.0
코스트코비누,17012.0
스웨덴에그팩,19272.0
에그비누,14265.0
효소클렌저,24285.0
파파레서피효소파우더,26089.0
수이사이파우더워시,27483.0
효소세안제,22917.0
효소파우더,22741.0
인셀덤클린업파우더,27922.0
인셀덤파우더,27029.0
블레미쉬효소파우더,22952.0
엔자임파우더,23307.0
수이사이,25312.0
파파레서피,26833.0
SRB효소세안제,31346.0
파우더워시,21404.0
클렌징파우더,20083.0
엔젤파우더,32198.0
파파레서피블레미쉬효소파우더클렌저,24743.0
아이리무버,7978.0
립앤아이리무버,8131.0
마스카라리무버,15314.0
폰즈아이리무버,14791.0
블레파졸,19254.0
뽀오얀리무버,14928.0
폰즈리무버,12589.0
키스미마스카라리무버,13812.0
일리윤립앤아이리무버,16602.0
눈꺼풀세정제,25455.0
아리얼,11086.0
블레파크린,15594.0
오큐소프트,35407.0
본코리아,32560.0
청미정,34085.0
베리홉마스크팩,17021.0
닥터자르트마스크팩,14416.0
아비브어성초팩,22879.0
뽑아쓰는마스크팩,19539.0
바이오던스콜라겐마스크팩,60843.0
메디힐티트리마스크팩,13303.0
메디힐패드,23893.0
린제이티트리모델링팩,25304.0
석고팩,9535.0
메디필레드락토콜라겐랩핑마스크,28468.0
메디플라워모델링팩,18085.0
설화수옥용팩,41142.0
옥용팩,46120.0
이타카모델링팩,121213.0
필오프팩,19274.0
프롬더스킨글루타치온,26584.0
프롬더스킨,55471.0
글루타치온콜라겐팩,26309.0
린제이,14816.0
닥터랩모델링마스크,95174.0
슈렉팩,24789.0
모공팩,19111.0
닥터큐먼콜라겐크림팩,18422.0
오하이오후부활초,44390.0
살구팩,40065.0
흑당고,24456.0
비플레인녹두팩,24907.0
한율부들밤,29078.0
델리살구팩,41696.0
클레이마스크,25872.0
닥터큐먼,19680.0
이니스프리화산송이모공팩,13870.0
부활초워시오프팩,33830.0
오하이오후,35852.0
머드팩,21672.0
러쉬팩,31593.0
발몽리뉴잉팩,309707.0
한율모공팩,28068.0
차앤박코팩,14526.0
메디힐코팩,16103.0
일소코팩,23422.0
일소,23090.0
돼지코팩,18099.0
블랙헤드코팩,11271.0
올리브영코팩,30787.0
코피지,10200.0
코블랙헤드제거,10581.0
원데이즈유,20737.0
슬리핑팩,19314.0
설화수여윤팩,52058.0
015얼라이브,49314.0
라네즈워터슬리핑마스크,25993.0
라네즈슬리핑마스크,17166.0
여윤팩,51382.0
라네즈시카슬리핑마스크,24117.0
얼라이브모공,51171.0
라네즈,22566.0
라네즈립마스크,15136.0
빌리프슈퍼나이츠,37885.0
한율유자수면팩,31267.0
설화수여운팩,55346.0
달바슬리핑팩,29101.0
수면팩추천,20529.0
한율달빛유자수면팩,32719.0
메디큐브콜라겐팩,45964.0
마사지크림,14429.0
참존컨트롤크림,30966.0
참존마사지크림,22839.0
참존뉴콘트롤크림,37822.0
맛사지크림,14464.0
고주파크림,21733.0
탈리온플럼핑마스크,157670.0
얼굴마사지크림,20239.0
콜드크림,24515.0
화진화장품,43249.0
탈리온,157690.0
괄사크림,27488.0
탈리온모이스처라이징플럼핑마스크,159560.0
메디힐팩,22127.0
김정문알로에팩,36173.0
리쥬란팩,25868.0
세멘시트팩,150000.0
일본쌀팩,32839.0
바세린팩,11972.0
메즈클라비비크림,37870.0
미샤비비크림,12911.0
인셀덤비비,29860.0
메즈클라비비,38280.0
닥터자르트비비,26379.0
레노덤쿠션,42063.0
슈라멕블레미쉬밤,64289.0
셀퓨전씨비비,36487.0
슈라멕비비,49976.0
더메스테릭스,105696.0
애터미비비크림,18869.0
인셀덤비비크림,29132.0
레노덤,40928.0
한스킨비비,31949.0
CC크림,36367.0
샤넬CC크림,106057.0
헤라CC크림,39265.0
에르보리앙CC,40326.0
씨씨크림,36230.0
에르보리앙,39046.0
SK2CC크림,123383.0
헤라CC,40425.0
모공프라이머,19478.0
베네피트프라이머,38933.0
바닐라코프라이머,19454.0
맥프라이머,56130.0
헤라프라이머,46250.0
헤라에어리파우더프라이머,43097.0
아이프라이머,22190.0
어반디케이아이프라이머,33716.0
헤라프라이머파우더,43918.0
맥라이트풀프라이머,61733.0
VDL아이프라이머,24022.0
VDL프라이머,24322.0
아워글래스프라이머,76276.0
코드프라이머,19561.0
메이크업포에버프라이머,49697.0
에스티로더프라이머,57214.0
베네피트모공프라이머,32414.0
VEZE프라이머,18458.0
기저귀정리함,32124.0
아기트롤리,46904.0
기저귀트롤리,52730.0
코코맘트롤리,20100.0
뉴코코맘트롤리,9182.0
플라팜트롤리,25469.0
플라팜,32425.0
아가짱트롤리,69958.0
뉴코코맘,9028.0
뉴코코맘트롤리핫딜,8972.0
기저귀보관함,34478.0
신생아트롤리,44196.0
코코맘,33714.0
기저귀교환대,101494.0
아가짱기저귀갈이대,86987.0
소베맘,54302.0
이케아기저귀교환대,134449.0
이케아기저귀갈이대,196333.0
릿첼빨대컵,15258.0
릿첼첫걸음빨대컵,17566.0
푸고빨대컵,17629.0
자기주도컵,19750.0
아기물병,14327.0
비박스빨대컵,18155.0
스파우트컵,12299.0
에디슨빨대컵,9887.0
모윰빨대컵,31741.0
유아물병,13860.0
아기물컵,11076.0
유비맘빨대컵,14811.0
유아텀블러,22271.0
모윰흡착식판,51046.0
락앤락이유식용기,21701.0
이유식식판,18502.0
흡착볼,19196.0
퍼기이유식큐브,37439.0
글라스락비비엔다,32681.0
글라스락베이비,20487.0
글라스락이유식용기,23486.0
모윰식판,50424.0
네스틱식판,20446.0
블루마마,25352.0
도노도노식판,62687.0
로코유,41003.0
자기주도이유식스푼,12717.0
자기주도스푼,11946.0
릿첼이유식스푼,9922.0
아기숟가락,7411.0
이유식숟가락,7817.0
초기이유식스푼,9427.0
아기수저,8341.0
유아수저세트,9819.0
누비이유식스푼,13003.0
에디슨수저,12027.0
릿첼스푼,9789.0
EQ의천재들,29176.0
릿첼,13395.0
유아젓가락,6231.0
에디슨젓가락,5253.0
뽀로로젓가락,4825.0
교정젓가락,6611.0
아기젓가락,6550.0
자기주도이유식턱받이,16891.0
코니턱받이,24872.0
아기침받이,6416.0
침받이,7241.0
엄마턱받이,16810.0
일회용턱받이,10819.0
자기주도턱받이,15166.0
신생아턱받이,9088.0
방수턱받이,9939.0
자수턱받이,12071.0
무쉬턱받이,18136.0
바나나빕,6158.0
베이비무브,49123.0
이유식마스터기,131451.0
퍼기찜기,32984.0
릴리팟,51121.0
이유식조리도구,22891.0
베이비무브이유식마스터기,259528.0
퍼기멀티찜기,33563.0
이유식스파츌라,12193.0
이유식냄비,28579.0
초기이유식준비물,18728.0
퍼기밥솥칸막이,51674.0
퍼기칸막이,51674.0
과즙망,10050.0
아기과즙망,10587.0
브릭오,45999.0
우유홀더,5787.0
그로미미빨대리필,14338.0
우유팩홀더,5947.0
임산부청바지,33732.0
임산부요가복,28466.0
임산부요가,19544.0
임산부기모스타킹,15626.0
임산부의날,29018.0
임부레깅스,14636.0
임산부기모레깅스,15257.0
임산부래쉬가드,26290.0
임산부방석,19139.0
전자파차단담요,61748.0
버츠비튼살크림,24891.0
클라랑스튼살크림,82124.0
양배추가슴팩,28784.0
부담제로튼살크림,27390.0
튼살크림추천,36703.0
프라이웰,28627.0
튼살오일,35061.0
임산부화장품,31564.0
프라하우스손목보호대,14388.0
산모손목보호대,8865.0
산후손목보호대,8647.0
마더스베이비손목보호대,11479.0
마더스베이비,18023.0
프라하우스,18746.0
임산부선물,39771.0
스와들미,38522.0
스와들업뱀부라이트,69241.0
아뜰리에슈,100359.0
신생아속싸개,26441.0
아뜰리에슈블랭킷,115851.0
스와들스트랩,34394.0
엘라바스트랩,33307.0
말랑하니스와들업,49054.0
스와들,30030.0
신생아스와들업,50920.0
스와들블랭킷,27387.0
엘라바,53154.0
나비잠스와들업,45335.0
꼬꼬잠,32493.0
애기바당,26322.0
스칸디맘스와들업,48071.0
조리원속싸개,18457.0
신생아겉싸개,41591.0
아기겉싸개,34847.0
밤부베베겉싸개,116662.0
마리데,23008.0
조아뜨,36921.0
머미쿨쿨,58969.0
신생아블랭킷,28554.0
아기겨울블랭킷,29095.0
아기쿨매트,67944.0
포몽드,65118.0
신생아이불,39263.0
신생아이불세트,88353.0
아기이불세트,97212.0
비비엔다패드,62640.0
아기슈퍼싱글패드,76756.0
아기슬리핑백,29575.0
아기방수패드,17668.0
신생아방수패드,19680.0
뮤라방수요,38264.0
아기방수매트,18326.0
라비킷방수패드,39900.0
말랑하니방수패드,20711.0
리안드림콧방수패드,20004.0
태교DIY,25623.0
배냇저고리만들기,40785.0
태교바느질,21020.0
모빌만들기,6287.0
애착인형만들기,18053.0
베넷저고리만들기,38573.0
에르메스아기신발,358477.0
용띠아기,27947.0
옹아리닷컴,19573.0
뽀야베이비,19386.0
아기바디필로우,30370.0
뒤집기방지쿠션,37585.0
아기침대범퍼가드,28639.0
라라스,29913.0
아기침대쿠션,35606.0
범퍼가드쿠션,31998.0
아기침대가드쿠션,29637.0
침대가드쿠션,36759.0
라라스배게,29438.0
침대범퍼가드,163016.0
라라스베게,29438.0
벨라아기침대가드,25368.0
뒤집기방지,39438.0
기저귀케이크,61584.0
앙앙,76311.0
탯줄보관함,21027.0
탯줄보관,16701.0
탯줄,18175.0
아기손발조형물,28699.0
발도장액자,20978.0
아기발도장,24743.0
신생아손발조형물,46683.0
알지네이트,19330.0
손발조형물,65294.0
아기탯줄도장,44387.0
탯줄도장DIY,38539.0
셀프탯줄도장,43295.0
아기도장,23701.0
돌잔치영상,49751.0
돌잔치성장동영상,50167.0
돌성장동영상,49198.0
필메이커,45593.0
성장영상,49585.0
성장동영상제작,43638.0
돌영상제작,41649.0
셀프성장동영상,52602.0
아기성장앨범,22497.0
필커뮤니티,124613.0
노시부필터,2360.0
임테기보관함,18643.0
청룡띠,32955.0
아기레그워머,11819.0
갭베이비,32852.0
리틀페이지,14599.0
밍크뮤바디수트,59427.0
에뜨와바디수트,48622.0
빌리아기옷,37121.0
신생아외출복,27857.0
크리스마스아기옷,27976.0
블루독바디수트,46974.0
돌아기옷,23205.0
100일아기옷,25476.0
50일아기옷,26326.0
자라베이비,32345.0
배냇가운,23334.0
에뜨와배냇저고리,29794.0
베넷저고리,24097.0
배냇수트,27070.0
배냇슈트,26548.0
태명배냇저고리,28793.0
배넷슈트,24392.0
베넷슈트,26186.0
손싸개,6359.0
신생아손싸개,4391.0
발싸개,6848.0
메르베,21222.0
아기보넷,11792.0
신생아보넷,13315.0
아기니트보넷,14947.0
아기보넷모자,12250.0
니트보넷,24321.0
베네베네보넷,36899.0
베네베네모자,43934.0
마즈쿠리보넷,30014.0
블루독베이비우주복,67009.0
겨울우주복,38574.0
모이몰른우주복,64054.0
아기패딩우주복,73520.0
아기겨울우주복,37507.0
갭베이비우주복,39149.0
콜롬비아우주복,77857.0
갭우주복,46153.0
캉골키즈티셔츠,46510.0
뉴에라키즈,34974.0
캉골키즈맨투맨,47231.0
주니어후드티,24656.0
지프키즈맨투맨,27725.0
여아블라우스,33812.0
통장지갑,6426.0
베트남동지갑,7448.0
호호마켓,21711.0
동지갑,7018.0
베트남지갑,7879.0
독서통장,5882.0
페소지갑,12603.0
다이소동지갑,3749.0
베트남동지갑다이소,4273.0
동지갑만들기,4179.0
다이소베트남동지갑,4273.0
디올벨트,913964.0
발렌티노벨트,561873.0
샤넬벨트,2274803.0
미우미우벨트,714204.0
코치벨트,138856.0
구찌여성벨트,610991.0
여자명품벨트,127813.0
CD벨트,279863.0
전투모,25113.0
군인모자,11433.0
전역모,16518.0
예비군모자,12774.0
헬렌카민스키비앙카,167955.0
헬렌카민스키모자,228839.0
노스페이스비니,29441.0
스투시비니,64429.0
고양이비니,15518.0
가니비니,98300.0
아크테릭스비니,70558.0
슈프림비니,105577.0
샤넬비니,1271497.0
나이키비니,28632.0
칼하트비니,33674.0
크롬하츠비니,610104.0
MLB비니,36405.0
셀린느비니,632319.0
항암모자,14073.0
마뗑킴비니,70341.0
나이키피크비니,31976.0
클로슈햇,40139.0
남자중절모,17671.0
써스데이아일랜드모자,51077.0
머리두건,10642.0
듀렉,15592.0
겨울두건,16945.0
등산손수건,4365.0
비비안웨스트우드모자,121348.0
비비안웨스트우드버킷햇,120706.0
나이키버킷햇,30187.0
닥스모자,77195.0
캉골모자,56946.0
캉골버킷햇,54917.0
화이트샌즈모자,32598.0
레노마모자,40864.0
캉골헌팅캡,69792.0
닥스헌팅캡,82993.0
마도로스캡,23025.0
카시라모자,135069.0
카페모자,15058.0
닥스남성모자,66962.0
트루퍼햇,31409.0
노스페이스방한모자,87669.0
노스페이스군밤모자,91254.0
시나모롤모자,17830.0
군밤장수모자,14309.0
노르디스크모자,73227.0
노스페이스귀달이모자,62532.0
노스페이스겨울모자,74455.0
패딩모자털,18002.0
나이키털모자,34177.0
MLB털모자,32081.0
산리오장갑,10291.0
핑거홀장갑,18504.0
벤시몽장갑,30598.0
뉴베리니팅,59328.0
카이맨장갑,53753.0
배달장갑,12885.0
닥스가죽장갑,52522.0
언더아머장갑,42966.0
카이맨방한장갑,42831.0
카이만장갑,53238.0
헤스트라장갑,180146.0
닥스남성장갑,49659.0
방수팔토시,2309.0
사무용팔토시,4916.0
겨울팔토시,5308.0
손목토시,5693.0
안경집,3366.0
린드버그안경테,510237.0
젠틀몬스터안경,279125.0
투명뿔테안경,27434.0
톰포드안경테,201680.0
미우미우안경,341019.0
금자안경,549963.0
오클리안경테,116769.0
레이벤안경테,83114.0
샤넬안경,549823.0
다이소안경케이스,7854.0
징징이안경걸이,17993.0
김서림방지안경닦이,5090.0
안경코패드,1405.0
안경거치대,10058.0
안경흘러내림방지,954.0
안경귀고무,626.0
안경닦이천,3529.0
안경클리너,5595.0
안경김서림방지제,7424.0
뿔테코받침,1550.0
안경다리,394.0
안경코받침교체,1668.0
코받침,1242.0
도레이씨안경닦이,16376.0
도레이씨,16491.0
안경걸이,4638.0
고양이머리띠,4427.0
명품머리띠,10265.0
얇은머리띠,4159.0
이미스머리띠,47038.0
산리오머리띠,10422.0
큐빅머리띠,8809.0
시나모롤머리띠,14229.0
장폴클라리쎄헤어밴드,92974.0
머리망,3862.0
왕리본핀,6947.0
쿠쿠수제뜨,19711.0
한복뒤꽂이,14328.0
미우미우헤어핀,571827.0
장폴클라리쎄,66849.0
진주머리끈,3487.0
똥머리밴드,2046.0
스프링머리끈,1510.0
머리방울,3127.0
벨벳스크런치,4760.0
면사포,9953.0
머리핀정리대,8036.0
커프스링크,16318.0
패딩목도리,36163.0
닥스머플러,93845.0
고비캐시미어머플러,93339.0
고비머플러,93241.0
비비안웨스트우드머플러,142188.0
페이크목폴라,4389.0
페이크후드,12758.0
성인목수건,9966.0
페이크폴라,8746.0
밍크워머,64877.0
밍크넥워머,39556.0
공갈목티,6839.0
페이크반폴라,11884.0
비비안웨스트우드바라클라바,208037.0
목보온,10998.0
버버리판쵸,958875.0
버버리판초,969339.0
버버리숄,730881.0
밍크숄,89204.0
펜디판초,2510002.0
펜디숄,1170877.0
버버리망토,869532.0
루이비통숄,853543.0
디올숄,1156848.0
헬렌카민스키판초,677203.0
고비캐시미어숄,205578.0
목카라,13500.0
행커치프,6587.0
행거칩,8934.0
행거치프,5203.0
미산딸나무,48587.0
MSCHF,124022.0
그로밋키링,8535.0
포카홀더,7052.0
빤쮸토끼,10859.0
곰돌이키링,8816.0
부채춤부채,13372.0
합죽선,3900.0
우치와,32289.0
우치와제작,13421.0
외국인선물,20693.0
벨크로패치,5451.0
와펜제작,1917.0
벨크로와펜,7234.0
태극기패치,5073.0
빈티지와펜,3123.0
패치제작,1960.0
소방계급장,19443.0
꽃사지,13176.0
코르사주,13752.0
한복노리개,15644.0
족두리,14180.0
댕기,7641.0
첩지,185842.0
배씨댕기,6091.0
한복장신구,18050.0
조바위,19552.0
한복가방,28311.0
아기펜스,48849.0
아기안전펜스,42828.0
이지핏안전문,24144.0
아가드,8070.0
일루와안전문,36531.0
아기헬멧,17193.0
머리쿵쿠션,16276.0
스쿳앤라이드헬멧,159916.0
아기머리쿵,16480.0
베일리바오머리보호대,25452.0
베일리바오,25364.0
닥터아망,36472.0
문쾅방지,3144.0
손끼임방지,6705.0
문끼임방지,6422.0
문고정장치,4496.0
문손끼임방지,8533.0
문소리방지,3227.0
유아디딤대,22426.0
아이팜디딤대,42918.0
아기계단,27346.0
발디딤대,18506.0
아기세면대발판,15336.0
아기침대계단,25690.0
모기기피제,7624.0
물파스,7265.0
버물리,17832.0
일본모기패치,36161.0
벌레기피제,10171.0
문열림방지,3156.0
콘센트마개,1921.0
콘센트안전커버,1468.0
다이소콘센트커버,3339.0
아기침대대여,60476.0
보니아기침대,25919.0
도노도노범퍼침대,437268.0
벨라아기침대,25447.0
이케아아기침대,113116.0
비비엔다범퍼침대,194543.0
꿈비범퍼침대,254355.0
헬로디노아기침대,54147.0
휴대용아기침대,72621.0
아기매트리스,235534.0
아기침대매트리스,108865.0
원목아기침대,238487.0
세이지폴아기침대,135737.0
아기책상,87794.0
유아책상의자,91163.0
유아책상의자세트,111382.0
이케아유아책상,162877.0
아기테이블,114600.0
아기책상의자,91569.0
유아테이블,76547.0
맘스니노책상,104350.0
아기책상세트,95208.0
리바트뚜뚜,170285.0
리바트유아책상,200000.0
야마토야책상,197270.0
이케아아기책상,96318.0
세이지폴책상,73310.0
뒹굴러소파테이블,96945.0
뒹굴러테이블,61962.0
펀펀키즈,22553.0
시디즈아띠책상,100063.0
리바트뚜뚜세트,200000.0
공부상,25547.0
시디즈아띠,88950.0
리바트뚜뚜의자,137941.0
시디즈아기의자,79387.0
일룸아기의자,85787.0
뒹굴러소파,64391.0
일룸아기소파,110766.0
일룸아코소파,112462.0
일룸아코,113072.0
뒹굴러,64391.0
디자인스킨,70803.0
디자인스킨쇼파,126932.0
일룸아기쇼파,110989.0
디자인스킨플레이,276401.0
디자인스킨미끄럼틀,402625.0
야마토야식탁의자,174144.0
트립트랩베이비세트,147485.0
본베베하이체어,159611.0
스토케,224989.0
트립트랩쿠션,48273.0
이유식의자,93513.0
고이터하이체어,280450.0
야마토야,143766.0
유아식탁의자,96835.0
아기하이체어,171235.0
야마토야뉴스쿠스쿠,24434.0
트립트랩뉴본,137099.0
트립트랩커버,77169.0
유아옷걸이,5963.0
다이소아기옷걸이,12097.0
장난감정리대,57696.0
장난감수납함,27373.0
레고정리함,19966.0
아이팜장난감정리함,63975.0
아기장난감정리함,35108.0
레고정리박스,22120.0
이케아장난감정리함,33884.0
투명장난감정리함,19274.0
아이팜,44363.0
루나스토리,77772.0
이누이베베,151441.0
남아소변기,14531.0
두리변기,35740.0
휴대용소변기,6852.0
두리변기커버,41350.0
아이팜변기,33505.0
아기소변기,25188.0
유아소변기,15053.0
휴대용변기커버,16430.0
포이테테,26621.0
유아변기시트,16433.0
두리아기변기,42550.0
두리사운드포티,50001.0
신생아면봉,7339.0
아기면봉,4646.0
촉코촉코면봉,71354.0
아기손톱깎이,10673.0
신생아손톱깎이,11787.0
아가드네일트리머,20832.0
마더케이손톱깎이,15824.0
아기손톱트리머,22164.0
신생아네일트리머,22980.0
네일트리머,20823.0
신생아손톱,11675.0
산리오마스크,16746.0
아이코코소형M,16972.0
아이코코소형L,24119.0
블루본마스크,12519.0
어린숨마스크,24132.0
초소형마스크,12012.0
메디케이알소형,14896.0
블루본,11248.0
기저귀쓰레기통,34467.0
기저귀휴지통,35121.0
아기바리깡,42952.0
아기빗,13926.0
신생아빗,19124.0
소독스프레이,17005.0
토이클리너,18515.0
살균스프레이,16816.0
엄마랑아기랑,27568.0
아기콧물흡입기,34520.0
노시부팁,13371.0
코빼는기계,38138.0
성인콧물흡입기,52393.0
코흡입기,26267.0
휴비딕콧물흡입기,45205.0
노시부부속품,32981.0
신생아콧물흡입기,29179.0
노시부프로,25028.0
휴대용콧물흡입기,36148.0
코끼리뻥코,6228.0
브라운콧물흡입기,53905.0
키재기,13041.0
초음파키재기,51486.0
아기키재기,13436.0
발사이즈측정기,1293.0
키재기스티커,5895.0
맘스헬퍼베이비드로퍼,34500.0
베이비드로퍼,21239.0
열냉각시트,5572.0
열패치,9478.0
해열패치,6734.0
아기열패치,8339.0
돌아기칫솔,11693.0
코모도칫솔,50332.0
컨트리세이브360,25654.0
실리콘칫솔,6635.0
럭스360,18855.0
래디어스칫솔,22329.0
마더케이칫솔,36089.0
아기불소치약,10461.0
키즈치약,8016.0
저불소치약,8421.0
조르단치약,18082.0
애경몰,10996.0
마더케이구강티슈,22509.0
아기구강티슈,28980.0
신생아구강티슈,14441.0
손가락빨기방지,15031.0
손빨기방지,16698.0
손가락빠는아기,16715.0
손빠는아기,17234.0
아기손빨기,17060.0
제시카니블노모어,52530.0
아기지퍼백,9188.0
마더케이지퍼백,13907.0
실리콘지퍼백,13394.0
유아치실,9936.0
아기치실,7175.0
호호에미세탁세제,40357.0
유아세탁세제,18879.0
네이처러브메레세제,23367.0
비앤비세제,19383.0
헬로그린,30139.0
아토팜세제,23072.0
토루토루,26306.0
유아섬유유연제,14040.0
베르블랑섬유유연제,21465.0
베베르엘,38005.0
블랑세제,21102.0
블랑세탁세제,23740.0
베이블랩,39621.0
유팡젖병소독기램프,5286.0
폴레드픽셀,260260.0
소베맘젖병세척기,188950.0
스펙트라젖병소독기,190350.0
베이블랩젖병세척기,193450.0
쪽쪽이살균기,75095.0
폴레드젖병소독기,301687.0
꿈비젖병세척기,233855.0
젖병세제,12345.0
아기주방세제,19894.0
비앤비젖병세정제,8888.0
아토앤오투젖병세제,26861.0
아토앤오투주방세제,34753.0
아기젖병세제,11896.0
레드루트젖병세정제,36033.0
아토앤오투세제,37116.0
아토앤오투,29411.0
젖병세척솔,6719.0
텀블러세척솔,4769.0
빨대세척솔,3290.0
마더케이젖병솔,17493.0
젖병집게,6833.0
마더케이젖병건조대,22130.0
옥소젖병건조대,48961.0
스펙트라젖병건조대,45909.0
젖병거치대,12415.0
아벤트,33656.0
장난감소독기,796822.0
장난감살균기,648189.0
쪼비박스,104756.0
폼보드제작,32509.0
포맥스판,26705.0
압축스티로폼,14665.0
열선커터기,55034.0
압축스펀지,18574.0
우드락커터기,28707.0
포맥스재단,36978.0
루즈앤라운지,209429.0
키플링토트백,60634.0
에스콰이어가방,85335.0
토리버치크로스백,304906.0
루이비통클러치백,1238012.0
구찌클러치백,1114278.0
고야드클러치,1652010.0
디올클러치백,2214306.0
샤넬클러치,2456747.0
보테가베네타클러치,1317490.0
루이비통클러치,1221050.0
입생로랑클러치,957461.0
생로랑클러치,928096.0
디올클러치,2064496.0
더로우정유미가방,957886.0
구찌클러치,1054692.0
고야드클러치백,1618502.0
셀린느클러치,1289352.0
샤넬클러치백,2508308.0
생리대파우치,5191.0
샤넬파우치,233849.0
롱샴파우치,111932.0
핫팩파우치,3920.0
키플링파우치,37527.0
디올파우치,880811.0
3CE파우치,12590.0
레스포삭파우치,21136.0
레스포삭백팩,46086.0
롱샴백팩,174490.0
나이키백팩,54818.0
이미스백팩,96033.0
잔스포츠미니백팩,44609.0
잔스포츠하프파인트,45396.0
잔스포츠슈퍼브레이크,44903.0
이스트팩,54057.0
구찌힙색,748686.0
구찌벨트백,1242038.0
구찌슬링백,1064874.0
명품힙색,21968.0
버버리힙색,861235.0
룰루레몬가방,94241.0
룰루레몬벨트백,74426.0
프라다벨트백,1691364.0
발렌시아가힙색,1256577.0
런닝맨가방,29202.0
닥스서류가방,361826.0
샘소나이트서류가방,197533.0
헤지스서류가방,185341.0
투미서류가방,691043.0
쌤소나이트서류가방,204396.0
만다리나덕서류가방,294604.0
007가방,53476.0
몽블랑서류가방,1974668.0
필슨878,359271.0
코치서류가방,372787.0
구찌서류가방,2665743.0
프라다서류가방,3155558.0
롱샴서류가방,546942.0
1박2일여행가방,21626.0
만다리나덕보스턴백,291936.0
키플링여행가방,109918.0
키플링보스턴백,103656.0
루이비통보스턴백,3864442.0
가죽보스턴백,96269.0
캐리어결합백,8827.0
소매치기방지가방,29308.0
이민가방,30272.0
리드볼트캐리어,66965.0
캐리어28인치,142654.0
내셔널지오그래픽캐리어세트,294688.0
안티스키밍여권케이스,12659.0
여권파우치,11451.0
해외여행지갑,14661.0
짱구여권케이스,6391.0
명품여권케이스,24576.0
가족여권케이스,11650.0
압축파우치,30942.0
브랜든압축파우치,50751.0
여행용압축파우치,19824.0
브랜든,50617.0
트래블기어압축파우치,45907.0
여행용세면도구파우치,6928.0
캐리어정리백,8511.0
캐리어네임택,6069.0
자수네임택,7992.0
러기지택,5708.0
네임택제작,4151.0
어린이집네임택,6724.0
캐리어이름표,4736.0
캐리어네임텍,6118.0
캐리어택,5515.0
자수이름표,8190.0
캐리어벨트,3840.0
캐리어자물쇠,3985.0
캐리어밴드,5983.0
TSA자물쇠,6974.0
TSA007,18756.0
캐리어잠금장치,6451.0
골프지갑,10390.0
루이비통머니클립,631221.0
몽블랑머니클립,325171.0
구찌머니클립,407201.0
보테가베네타머니클립,495960.0
프라다머니클립,654777.0
몽블랑카드지갑,196274.0
미우미우카드지갑,423489.0
차키지갑,20923.0
루이비통키파우치,570003.0
엔화지갑,6478.0
일본동전지갑,8923.0
일본동전케이스,6897.0
엔화동전지갑,6004.0
포터지갑,212320.0
동전지갑키링,6317.0
일본지갑,9092.0
붕어빵지갑,4638.0
산리오동전지갑,7691.0
프렌디드동전지갑,21698.0
일본여행지갑,9177.0
롱샴동전지갑,116463.0
다이소동전지갑,13297.0
닥터마틴1461,140346.0
닥터마틴1461모노,198581.0
닥터마틴모노,199657.0
닥터마틴1461스무스,171021.0
닥터마틴3홀,158067.0
닥터마틴워커,146833.0
닥터마틴벡스,193839.0
수부슬리퍼,46101.0
뭄뭄실내화,22673.0
스부,43156.0
SUBU슬리퍼,45777.0
수부,51434.0
스부슬리퍼,47796.0
지압깔창,5867.0
컨버스깔창,6860.0
라텍스깔창,7420.0
나이키깔창,12359.0
엑스솔인솔,48733.0
고무줄신발끈,1749.0
운동화끈클립,1557.0
고무신발끈,1945.0
등산화끈,1735.0
컨버스고무끈,3057.0
축구화끈,8489.0
고무줄운동화끈,1951.0
우동끈,1513.0
나이키신발끈,7225.0
나이키운동화끈,2454.0
뒷꿈치패드,1443.0
앞꿈치패드,1584.0
신발미끄럼방지패드,2784.0
운동화뒤꿈치패드,1584.0
발아치패드,3783.0
지간신경종패드,4511.0
구두뒤꿈치패드,1311.0
아치패드,4004.0
중족골패드,7543.0
물집방지패드,1595.0
운동화뒤꿈치수선,2246.0
운동화뒷꿈치수선,2193.0
신발뒤꿈치수선,2468.0
족저근막염양말,14274.0
슈트리,8545.0
제골기,5745.0
신발스트레쳐,8882.0
신발늘리기,10961.0
신발볼늘리기,9939.0
다이소신발늘리기,7071.0
발볼넓히기,10386.0
부츠통늘리기,15070.0
다이소구두주걱,2388.0
LED지비츠,6614.0
어그방수스프레이,18984.0
크록스지비츠세트,10601.0
신발밑창보강,8701.0
짱구지비츠,11164.0
리본지비츠,11872.0
비브람밑창,37318.0
신발방수스프레이,13729.0
신발클리너,11406.0
그로밋지비츠,9163.0
털지비츠,10209.0
가죽염색약,12291.0
산리오지비츠,7507.0
자비츠,4431.0
폼폼이지비츠,8966.0
유축기대여,28473.0
휴대용유축기,58046.0
시밀레프리티3,59693.0
메델라유축기,31153.0
스펙트라유축기대여,20391.0
메델라유축기대여,41187.0
시밀레유축기,46400.0
스펙트라유축기깔대기,12101.0
메델라유축기깔대기,17650.0
씨밀레유축기,46400.0
스펙트라,11059.0
각시밀유축기,15390.0
하카유축기,43916.0
분유케이스,10400.0
분유소분통,10797.0
분유저장팩,8625.0
휴대용분유통,12013.0
분유통,10545.0
보틀워머,45519.0
보아르보틀워머,76971.0
휴대용보틀워머,37854.0
아벤트보틀워머,105882.0
모유중탕기,44848.0
젖병워머,43331.0
분유워머,46638.0
스펙트라보틀워머,49860.0
모유저장팩,8752.0
마더케이모유저장팩,14499.0
로토토역류방지쿠션,63964.0
알프레미오수유시트,25014.0
마더스베이비수유쿠션,50156.0
이몽수유쿠션,60067.0
마이베베셀프수유쿠션,27313.0
제이앤제나역류방지쿠션커버,74138.0
다울아이수유쿠션,78944.0
베이비스텔라수유쿠션,74205.0
오케타니수유쿠션,73043.0
로토토,59688.0
엘라바역류방지쿠션,68803.0
에시앙역류방지쿠션,59525.0
셀프수유,37898.0
수유가리개,19799.0
아기띠블랭킷,39836.0
란시노수유패드,40223.0
마더케이수유패드,37806.0
더블하트수유패드,24991.0
메델라유두보호기,22385.0
함몰유두교정,17150.0
함몰유두교정기,19158.0
유두보호기,12522.0
함몰유두,19925.0
브라비분유제조기,130782.0
분유제조기,231476.0
베이비브레짜,272458.0
꺽스컵,10500.0
브라비,22964.0
자동분유제조기,260382.0
팜컵,7245.0
버들맘마,27055.0
엄마손팜컵,6071.0
액상분유커넥터,20665.0
리하스분유제조기,238056.0
타보플렉스탭2,372602.0
잉글레시나퀴드2,390285.0
타보휴대용유모차,263030.0
줄즈에어플러스,37195.0
에이블유모카,107357.0
지니제로3,297095.0
요요휴대용유모차,388747.0
요요2,410186.0
기내용유모차,128591.0
줄즈휴대용유모차,349377.0
리안휴대용유모차,234504.0
부가부드래곤플라이,1020821.0
오이스터3,1257895.0
부가부비6,1153285.0
리안유모차,539431.0
리안솔로,346662.0
부가부폭스5,114031.0
스토케유모차,757910.0
부가부유모차,830547.0
실버크로스듄,687244.0
유모차대여,166723.0
부가부,945806.0
에그유모차,1795321.0
잉글레시나일렉타,824745.0
잉글레시나트릴로지,37773.0
디럭스유모차대여,231492.0
리안절충형유모차,525751.0
베이비뵨하모니,289076.0
베이비뵨미니메쉬,168497.0
에르고옴니360,336952.0
포브아기띠,152337.0
베이비뵨,199673.0
에르고베이비아기띠,179999.0
베이비뵨캐리어원,329522.0
베이비머핀아기띠워머,35493.0
코니아기띠,64569.0
아기띠추천,116606.0
에르고옴니브리즈,428973.0
명품아기띠,50236.0
메리튠아기띠,119670.0
휴대용기저귀패드,25539.0
에르고힙시트,121178.0
국민기저귀가방,36920.0
제이해밀턴기저귀가방,195713.0
노시부가방,13840.0
엘펀즈기저귀가방,25233.0
백팩기저귀가방,48132.0
기저귀가방이너백,49049.0
미카백,125342.0
돗투돗기저귀가방,36616.0
아기기저귀가방,30666.0
포그내,211295.0
사이드힙시트,35548.0
힙시트아기띠,160910.0
포그네아기띠,147966.0
포그내힙시트,223653.0
루시로다힙시트,33750.0
포그내맥스라이트,377486.0
아기띠힙시트,164651.0
루시로다,37518.0
루시로다사이드힙시트,33016.0
베베핏힙시트,253393.0
포그내올인원,369566.0
구스켓안아요,47000.0
아이엔젤닥터다이얼,253686.0
포그내맥스,378430.0
아이엔젤힙시트,190439.0
백효정아기띠,79383.0
오보기포대기,38232.0
아가방포대기,62140.0
신생아포대기,42141.0
어부바아기띠,40990.0
백효정포대기,70375.0
코모스베이비포대기,47154.0
신생아슬링,60354.0
슬링아기띠,51177.0
포그내슬링,97181.0
포그내슬링아기띠,154998.0
포그내아기띠워머,107050.0
아기망토,38719.0
아기띠바람막이,46727.0
아기띠패딩워머,58301.0
구스켓아기띠워머,70969.0
코니아기띠워머,102670.0
헬로미니미워머,45370.0
포그내워머,116262.0
구스켓워머,68353.0
아기띠담요,33759.0
아기워머,10744.0
유모차워머,37191.0
아이허그아기띠워머,38791.0
치매노인위치추적,73742.0
미아방지끈,7394.0
휴대용기저귀갈이대,22659.0
이유식보냉백,17580.0
캠캠코펜하겐,143860.0
오르빗G3,36395.0
구스켓,56848.0
슈너글디럭스,67952.0
슈너글,49626.0
유아욕조,34791.0
어린이욕조,64947.0
온다베이비,46587.0
아이팜욕조,49708.0
레이퀸아기욕조,26873.0
아기접이식욕조,48083.0
블리스베베욕조,43761.0
오플라아기욕조,73829.0
리틀클라우드욕조,34339.0
아기목욕의자,39074.0
샴푸의자,45527.0
아기샴푸의자,34711.0
아기샤워핸들,42814.0
밤비데,39866.0
치코아기비데,36824.0
허그베어샤워핸들,84947.0
신생아비데,26943.0
머머아기비데,45984.0
폴레드허그베어2,87022.0
힙비,39217.0
허그베어,41765.0
하은맘샴푸의자,33327.0
어린이샤워가운,22523.0
아기샤워가운,23523.0
신생아목욕타올,19229.0
아기목욕수건,15908.0
밤부베베목욕타올,48258.0
샴푸캡,6314.0
아기샴푸캡,8162.0
아기샤워캡,7101.0
말랑하니샴푸캡,16526.0
곤약스펀지,6958.0
수도꼭지연장,3010.0
유아세면대,71845.0
아이팜세면대,46970.0
탕온계,12319.0
탕온도계,13544.0
물온도계,18312.0
아기목욕장난감,11912.0
파이몽불꽃스티커,1704.0
옥토넛장난감,31428.0
아기물놀이장난감,13604.0
물놀이불꽃스티커,12550.0
로보피쉬,9634.0
싸이바스파이몽물놀이불꽃스티커,9987.0
러버덕,15958.0
로봇물고기,21841.0
프롬유,31724.0
폴레드허그베어,80520.0
샤워핸들사용시기,49129.0
폴레드,123463.0
코니스,89274.0
수도크림,28679.0
기저귀크림,16252.0
아쿠아퍼,31890.0
비판텐직구,33250.0
쁘리마쥬기저귀크림,28781.0
기저귀발진크림,25749.0
AQUAPHOR,31332.0
비판텐크림,40566.0
보소미연고,9518.0
로하스베베,51714.0
호주수도크림,22361.0
아토팜판테놀,39380.0
아비노베이비,22468.0
아토팜크림,30461.0
그린핑거크림,19143.0
아비노나이트밤,37412.0
아토앤오투크림,48015.0
아기스틱밤,20990.0
아비노더멕사,41117.0
유키베어럽,15183.0
칼라민로션,8178.0
몽디에스크림,32048.0
베비니아스틱밤,29443.0
아비노베이비더멕사,42355.0
그린핑거로션,22999.0
쁘리마쥬세럼,95926.0
닥터아토로션,29070.0
클라리케로션,1072830.0
아토팜MLE로션,35387.0
아토팜수딩젤,22905.0
신생아로션,24937.0
키즈로션,17741.0
무스텔라바디로션,37333.0
존슨즈베이비베드타임,25465.0
클라리케,1013118.0
아기오일,17468.0
존슨즈베이비오일,20334.0
쁘리마쥬오일,63926.0
호호에미오일,65974.0
신생아오일,31318.0
무스텔라오일,27626.0
몽디에스오일,69030.0
존슨즈베이비파우더,39347.0
어린이립밤,12119.0
유아립밤,10090.0
아기립밤,20805.0
에바비바립밤,47050.0
티니핑립밤,15527.0
키즈립밤,12095.0
아기비누,10030.0
라무르,49447.0
유아바디워시,17904.0
무스텔라,22973.0
버블클렌저,14307.0
어린이샴푸,16369.0
몽디에스바스앤샴푸,38940.0
무스텔라샴푸,27644.0
비욘드키즈샴푸,19570.0
궁중비책,21833.0
그린핑거샴푸,16726.0
아기입욕제,24663.0
나띵프로젝트,27730.0
네츄레메디,42092.0
아기엉덩이클렌저,27650.0
엉덩이클렌저,25289.0
어린이마스크팩,10184.0
라라메드,21031.0
라라메드엉덩이클렌저,24342.0
모모래빗,53317.0
하기스네이처메이드4단계,51899.0
기저귀체험팩,2110.0
하기스맥스드라이,33444.0
하기스1단계,37174.0
하기스2단계,38227.0
리베로기저귀,63304.0
리베로터치,71357.0
팸퍼스에어차차,77884.0
팸퍼스통잠팬티,68316.0
팸퍼스베이비드라이,44222.0
팸퍼스베이비드라이4단계,68470.0
팸퍼스5단계,63606.0
군기저귀,43584.0
킨도기저귀,54861.0
팸퍼스6단계,70785.0
애플크럼비,59293.0
오로라기저귀,53811.0
팸퍼스통잠팬티4단계,73133.0
아기두유,41904.0
지후떡뻥,2600.0
질마재떡뻥,4316.0
롱떡뻥,7881.0
베베당,6744.0
요미요미과자,12218.0
앙파파티딩러스크,42924.0
삼도웰빙,6219.0
돌아기과자,14786.0
산골쌀참,12571.0
베베당롱스틱,18416.0
내아이애,7522.0
유리젖병,24828.0
그린맘젖병,12936.0
란시노유리젖병,62880.0
일회용젖병,11728.0
모윰젖병,39279.0
닥터브라운,28723.0
유미젖병,14413.0
신생아젖병,22608.0
헤겐,65490.0
더블하트240,34400.0
그로미미젖병,18659.0
더블하트빨대,9363.0
하이비추빨대,12300.0
모윰유리젖병,52580.0
요한손베비스,30258.0
더블하트L,23339.0
더블하트M,23229.0
헤겐젖꼭지,25467.0
더블하트S,27526.0
더블하트LL,24670.0
더블하트SS,23555.0
모윰젖꼭지,29366.0
란시노젖꼭지,25466.0
스펙트라젖꼭지,11302.0
베베그로우젖꼭지,14735.0
그로미미멀티커넥터,15468.0
그린맘젖꼭지,9682.0
모유실감,14063.0
더블하트꼭지,14802.0
쪽쪽이스트랩,9392.0
빕스쪽쪽이,7305.0
공갈젖꼭지,8989.0
스와비넥스쪽쪽이,17943.0
더블하트쪽쪽이,14086.0
신생아쪽쪽이,8902.0
모윰마카롱쪽쪽이,22855.0
프로미스쪽쪽이,7241.0
두들앤코쪽쪽이,25382.0
쪽쪽이고정,13542.0
쪽쪽이추천,9047.0
필립스쪽쪽이,18552.0
니트셋업,46578.0
트위드셋업,87287.0
후드니트세트,54166.0
바나나리퍼블릭셋업,44054.0
니트후드세트,52373.0
니트상하세트,40609.0
베어파우위니,87490.0
베어파우모카신,60260.0
베어파우캐럴모카신,79389.0
베어파우로즈마리,84044.0
핏플랍슬리퍼,73494.0
크록스퍼슈어,50254.0
반스체커보드,54971.0
스케쳐스고워크아치핏,120143.0
퍼피렛,87027.0
아디퍼프,16828.0
고워크아치핏,127791.0
스케쳐스고워크남성,89177.0
노스페이스슬립온,78111.0
반스체커보드슬립온,58330.0
클락스러거,269257.0
지유모카신,40721.0
GU모카신,40654.0
어그켄톤,163473.0
뉴발란스털신,90875.0
폴로신발,71523.0
폴로로퍼,72931.0
월드컵방한화,28284.0
팀버랜드보트슈즈,185854.0
파라부트미카엘,502439.0
락포트로퍼,103550.0
아디다스스페지알,142691.0
반스어센틱,43606.0
아디다스삼바OG,127745.0
크록스올터레인,58172.0
크록스라이트라이드,42144.0
크록스바야밴드,35186.0
크록스에코클로그,64050.0
스톰프라인드클로그,85147.0
크록스겨울,51746.0
에코클로그,63575.0
크록스겨울용,73756.0
크록스바야라인드퍼즈,69222.0
크록스클래식라인드클로그,42358.0
크록스바야밴드클로그,35288.0
패딩크록스,54432.0
츄바스코,42672.0
팀버랜드워커,106375.0
전술화,39616.0
닥터마틴제이든,240600.0
팀버랜드6인치,160677.0
레드윙,430604.0
닥터마틴1460,156378.0
레드윙목토,427321.0
쏘로굿,321392.0
호킨스워커,74420.0
닥터마틴첼시부츠,281320.0
아스토플렉스,256779.0
데저트부츠,132880.0
남자어그부츠,114072.0
블런드스톤,224497.0
클락스데저트부츠,145280.0
방수방한화,37006.0
면세점캐리어,32355.0
쉬즈미스블라우스,47650.0
모조에스핀블라우스,171512.0
써스데이아일랜드블라우스,103898.0
리스트블라우스,39118.0
케네스레이디블라우스,78051.0
지고트블라우스,144473.0
알라이아셔츠,1472205.0
코듀로이오버롤,78914.0
바프의상,21010.0
코듀로이멜빵,40402.0
모조에스핀정장세트,528933.0
잇미샤셋업,414037.0
지고트정장세트,270072.0
비비드시크릿가너,134451.0
잇미샤정장세트,394233.0
혼주한복,106746.0
한복드레스,74086.0
철릭원피스,122981.0
혼주한복대여,97830.0
한복속치마,25946.0
은가비한복,98000.0
계량한복,41235.0
계량한복여성,42752.0
생활한복원피스,75125.0
한복원피스,68290.0
개량한복원피스,50510.0
법복,37244.0
절복,36932.0
퓨전한복,71371.0
리슬한복,165217.0
드레스대여,97995.0
2부드레스,95970.0
브라이덜샤워원피스,45767.0
메이드복,25234.0
연주드레스,123105.0
2부원피스,72515.0
2부드레스대여,117225.0
유색드레스,101316.0
병원가디건,29539.0
간호사가디건,28313.0
간호복,30122.0
간호사복,29519.0
의사가운,31129.0
애견미용가운,38311.0
환자복,24011.0
교복대여,16539.0
옛날교복대여,25369.0
유니폼가디건,30300.0
수술복,30066.0
식당유니폼,28397.0
간호가디건,32408.0
일본교복,31743.0
애견미용복,20865.0
크로커다일감탄브라,27198.0
나이키스포츠브라,55601.0
앞후크브라,12900.0
누브라,23405.0
웨딩브라,19375.0
오프숄더브라,13211.0
생리팬티,8620.0
하성민기업,12607.0
라페어팬티,29903.0
코데즈컴바인팬티,12658.0
자주팬티,9057.0
에블린속옷,24182.0
코데즈컴바인속옷,30272.0
섹시쿠키,35449.0
플레이텍스,35166.0
원더브라세트,20295.0
게스언더웨어,29078.0
누빔잠옷,26226.0
자주파자마,29983.0
에블린슬립,41051.0
비너스슬립,75637.0
빅사이즈슬립,19256.0
기모브라탑,14220.0
배쏙티,26287.0
WOX배쏙티,25903.0
기모속바지,7460.0
겨울속바지,7833.0
패티코트,22796.0
웨딩속바지,7792.0
페티코트,23725.0
듀퐁와이셔츠,54331.0
올젠셔츠,25980.0
지오지아셔츠,20809.0
예작와이셔츠,25613.0
브룩스브라더스셔츠,89979.0
BYC런닝,8010.0
메리야스,9584.0
남자메리야스,12650.0
남성메리야스,12621.0
남자기모나시,11452.0
트라이런닝,8300.0
게스드로즈,29940.0
패딩원단,9174.0
광목천,8596.0
뽀글이원단,11910.0
털원단,12104.0
벨보아원단,12232.0
트위드원단,12916.0
암막천,11938.0
니트원단,8365.0
크리스마스원단,7335.0
한복원단,6828.0
극세사원단,6553.0
고급단추,4962.0
핸드메이드라벨,1203.0
지퍼고리,2408.0
모루인형부자재,2530.0
금장단추,9571.0
반짇고리,7447.0
손가락골무,1944.0
데코덴생크림,4682.0
다루마패턴북,18810.0
데코덴,5293.0
다루마패턴북8,65033.0
물침대,54305.0
돌침대매트,105785.0
에어매쉬매트,69274.0
실커튼,23790.0
명작2단계,51938.0
위드맘제왕100일,111009.0
트루맘뉴클래스1단계,64879.0
임페리얼XO1단계,57903.0
임페리얼XO,41911.0
압타밀프로푸트라프레,154948.0
일루마분유,152224.0
퓨어락2단계,125257.0
힙프레,91328.0
압타밀프레,100580.0
힙분유2단계,92289.0
퓨어락1단계,92464.0
A2분유1단계,135582.0
일루마1단계,135217.0
A2분유2단계,137236.0
힙분유1단계,83093.0
압타밀액상분유,67536.0
비오타민,38626.0
하이키드,69101.0
노발락AC,114910.0
노발락AR,127795.0
초유밀,47222.0
설사분유,94391.0
헤모틴틴,42903.0
초유밀플러스1,39611.0
비오타민유산균,42564.0
로만쉐이드,52493.0
전동블라인드,99673.0
알루미늄블라인드,14768.0
허니콤블라인드,22651.0
베란다블라인드,10455.0
붙이는블라인드,10047.0
이케아블라인드,44961.0
창안애블라인드,16236.0
종이블라인드,8807.0
자동블라인드,86221.0
버티칼블라인드,15182.0
버티컬블라인드,13522.0
암막롤스크린,11978.0
아이방블라인드,10848.0
방염블라인드,9794.0
블라인드제작,8726.0
전동롤스크린,84052.0
중문커튼,23230.0
공간분리커튼,20741.0
벨크로커튼,18378.0
미니커튼,14417.0
가림막천,13995.0
현관가림막,22231.0
선반가리개,17462.0
가림천,20323.0
방문커튼,19790.0
여아캐노피,63141.0
아기침대캐노피,49461.0
사무실캐노피,32930.0
이케아캐노피,25232.0
나뭇잎캐노피,31917.0
갈대발,17993.0
대나무발,25187.0
비즈발,48555.0
홀딩도어,54991.0
자바라커튼,47520.0
자바라문,48409.0
자바라도어,55342.0
자바라홀딩도어,54085.0
투명자바라,53192.0
커튼집게,5450.0
블라인드브라켓,11865.0
블라인드줄,11622.0
블라인드줄교체,21798.0
타이백,15945.0
사일런트기타,329111.0
크래프터기타,524626.0
엔야기타,451364.0
아이바네즈일렉기타,869168.0
헥스기타,326133.0
헥스H100,285000.0
야마하퍼시피카,532148.0
고퍼우드,312405.0
마스터키보드,217235.0
커즈와일SP7,1548263.0
야마하키보드,820786.0
전자올겐,149574.0
야마하신디사이저,2083912.0
런치패드,258178.0
반도네온,231931.0
카포,14602.0
기타피크,3036.0
통기타줄,11226.0
바이올린활,46099.0
첼로케이스,481992.0
엘릭서기타줄,29534.0
기타카포,9251.0
우쿨렐레스트랩,13313.0
첼로하드케이스,290129.0
전자바이올린,389362.0
펜더스트랩,45867.0
오카리나,48596.0
팬플룻,93563.0
색소폰리드,28975.0
야마하플룻,1309266.0
전자색소폰,599754.0
에어로폰,953534.0
야마하리코더,16453.0
클라리넷리드,30955.0
플룻가방,43183.0
오보에,873010.0
스틸텅드럼,76777.0
연습용드럼패드,40474.0
드럼연습패드,37137.0
텅드럼,79083.0
카혼,206308.0
빅퍼스5A,30386.0
롤랜드전자드럼,1846778.0
전자드럼패드,73932.0
에어드럼,169305.0
야마하전자드럼,970931.0
젬베,68266.0
가야금,153067.0
단소,6437.0
대금,34254.0
장구채,11134.0
난타북,79292.0
해금,54901.0
북채,10306.0
꽹과리,47512.0
미투리,25049.0
태평소,43793.0
소금악기,6830.0
버스킹앰프,502143.0
일렉기타앰프,132996.0
마샬앰프,475998.0
멀티이펙터,318541.0
악보보면대,29871.0
악보대,27827.0
페이지터너,50899.0
페달보드,120252.0
리버브,239382.0
DI박스,103192.0
카주,6932.0
핸드벨,36538.0
고함항아리,20205.0
지휘봉,35900.0
오타마톤,55991.0
방음마이크,57137.0
탬버린,7555.0
마라카스,6061.0
에그쉐이커,5865.0
붐웨커,29663.0
카쥬,15042.0
이토마유키,76990.0
위험한상견례,17613.0
삼분야,27900.0
사빈빈,23410.0
시라쿠스,54771.0
코렐4인세트,137923.0
코렐6인세트,219181.0
오덴세그릇세트,181776.0
오덴세레고트,78816.0
킨토텀블러,29657.0
스타벅스머그컵,20448.0
하이드로플라스크,34272.0
블루보틀텀블러,40261.0
모슈텀블러,29618.0
스타벅스보온병,34790.0
스타벅스스탠리텀블러,33253.0
오덴세텀블러,27678.0
인덕션뚝배기,41202.0
스타우브꼬꼬떼,149304.0
르쿠르제냄비,160577.0
편백나무찜기,125817.0
휘슬러압력밥솥,320947.0
실리만찜기,21762.0
해피콜후라이팬,37485.0
도루코후라이팬,24793.0
계란말이팬,24808.0
테팔매직핸즈,86844.0
알텐바흐후라이팬,59130.0
쿡셀후라이팬세트,168612.0
쿡셀,165221.0
솥뚜껑불판,47102.0
법랑주전자,32859.0
보온보냉주전자,26935.0
모슈테이블팟,59221.0
티포원,44593.0
도자기티팟,41427.0
레벤호프주전자,44470.0
양은주전자,12276.0
콩콩도시락,24131.0
스탠리보온병,39651.0
냉동밥보관용기,9889.0
글라스락렌지쿡,14846.0
써모스보온병,31939.0
수능보온도시락,35257.0
딤채김치통,37685.0
자동채칼,106652.0
토리베가위,48059.0
전동채칼,112007.0
무선다지기,42860.0
오토슬라이서,89259.0
밤칼집기,14541.0
밤칼집커팅기,13301.0
소반,47945.0
개다리소반,55550.0
양은밥상,18775.0
다과상,44083.0
교자상커버,8632.0
밥상보,5472.0
제사상,74917.0
집들이상,63937.0
자개상,102468.0
밥상덮개,4455.0
4인용밥상,50756.0
미니밥상,25028.0
레트로밥상,27758.0
음식덮개,6075.0
후라이팬정리대,13960.0
슬라이딩정리대,57548.0
설거지통,18990.0
밧드야식기건조대,80396.0
부착식식기건조대,50441.0
한샘식기건조대,74192.0
JVR슬라이드랙,31573.0
타코야끼기계,60033.0
레몬착즙기,12893.0
아이스크림스쿱,9923.0
실리콘집게,5889.0
계란말이뒤집개,7201.0
스텐다라이,27273.0
삼각김밥틀,8737.0
우유스팀기,154765.0
핸드드립주전자,21911.0
프렌치프레스,27480.0
하리오V60,25726.0
하리오드리퍼,23227.0
비알레띠모카포트,44144.0
하리오스위치,51209.0
에드학미스터브루,95848.0
전동와인오프너,24318.0
알레시와인오프너,71843.0
칠링백,23260.0
마오타이주가격,62860.0
지거,13167.0
와인에어레이터,24641.0
마오타이주,63020.0
위스키디켄터,49862.0
구글타이머,18681.0
타코야끼팬,19715.0
뽀모도로타이머,20432.0
타임타이머,28453.0
파이렉스계량컵,13662.0
쿠키틀,6414.0
빼빼로쿠키커터,8407.0
카스저울,52784.0
일회용수세미,7730.0
인덕션매트,9838.0
종이컵1000개,17507.0
종이컵2000개,16412.0
음식짤순이,36304.0
천연수세미,2759.0
인덕션보호매트,8159.0
싱크대물막이,10079.0
제기세트,152566.0
제사병풍,124773.0
위패,25236.0
제사향,13196.0
이누스비데,186734.0
방수비데,188042.0
블루밍비데,163471.0
노비타비데,212779.0
비데구입,189953.0
수동비데,29886.0
쿠쿠비데,125763.0
휴대용비데,30240.0
필터없는비데,176357.0
리모컨비데,218214.0
아메리칸스탠다드비데,478062.0
대림비데,196645.0
대림바스비데,159030.0
코웨이비데,203165.0
비데렌탈,19729.0
삼성비데,256268.0
반신욕기,344062.0
건식반신욕기,477389.0
성인접이식욕조,69121.0
매립욕조,401349.0
미니욕조,91395.0
온열변기커버,35659.0
목욕탕의자,8267.0
접이식대야,4516.0
무소음변기커버,16192.0
고무다라이,20197.0
발등낮은욕실화,6955.0
아동욕실화,6208.0
닥터피엘샤워기필터,17846.0
세면대필터,15665.0
도루코면도날,18872.0
질레트스킨텍,40968.0
질레트프로쉴드옐로우,38897.0
일회용면도기,10982.0
쉬크하이드로5면도날,26467.0
질레트랩스,48193.0
질레트스킨텍면도날,43673.0
질레트프로글라이드,39847.0
도루코페이스7,24542.0
도루코페이스6,13046.0
질레트프로글라이드면도날,45671.0
질레트프로쉴드,39321.0
질레트퓨전면도날,30442.0
튼튼한빨래건조대,37166.0
대형빨래건조대,39975.0
문걸이건조대,26309.0
창틀건조대,21890.0
한샘건조대,48888.0
스마트체중계,25332.0
카카오프렌즈체중계,50027.0
체중계인바디,83169.0
가정용인바디,41867.0
체지방체중계,23383.0
아기체중계,52685.0
인바디기계,40280.0
CAS체중계,24194.0
신생아체중계,49419.0
인바디H30,273550.0
접이식휠체어,184066.0
전동휠체어대여,1337704.0
노인전동차,910743.0
장애인리프트,945928.0
휠체어리프트,799255.0
미키코리아메디칼,345660.0
고릴라랙,72032.0
창틀선반,11757.0
코스트코고릴라랙,97196.0
토르박스75,91671.0
실내화거치대,11505.0
펜트리수납함,8824.0
옷정리트레이,12283.0
슬라이딩리빙박스,18777.0
어깨뿔방지옷걸이,7308.0
니트옷걸이,8608.0
논슬립바지걸이,8410.0
바지걸이집게,6202.0
마와옷걸이,45156.0
다이소옷걸이,10529.0
이케아옷걸이,6146.0
바지집게,5188.0
정장옷걸이,10246.0
집게바지걸이,8155.0
세탁소옷걸이,15626.0
샤오미쓰레기통,40546.0
대용량분리수거함,45221.0
크리넥스데코앤소프트,26914.0
깨끗한나라순수프리미엄,29407.0
두루마리휴지케이스,10135.0
핸드타올5000매,26569.0
코스트코키친타올,28216.0
입는생리대,12404.0
팬티라이너,8734.0
입는오버나이트,11877.0
좋은느낌입는오버나이트,15156.0
라엘생리대,31483.0
시크릿데이,13780.0
탐폰,20293.0
팬티형생리대,14434.0
템포,22318.0
좋은느낌오버나이트,8601.0
라네이처생리대,18161.0
면생리대,11058.0
시크릿데이입는오버나이트,25304.0
화이트탐폰,26246.0
라엘,27711.0
디펜드기저귀,25993.0
금비기저귀,29315.0
디펜드스타일언더웨어,24161.0
디펜드안심테이프,44855.0
금비속기저귀,41693.0
디펜드안심깔개매트,29278.0
디펜드,24659.0
요실금패드,24533.0
속기저귀,39317.0
성인용팬티기저귀,36138.0
디팬드,25261.0
카네이션기저귀,39022.0
퍼실세제,16521.0
세탁조클리너,10063.0
프로쉬세탁세제,22907.0
커클랜드캡슐세제,32923.0
울샴푸,11493.0
퍼실캡슐세제,25562.0
테크액체세제,16019.0
다우니실내건조섬유유연제,16428.0
피죤섬유유연제,14360.0
아우라섬유유연제,12741.0
다우니대용량,27237.0
샤프란섬유유연제,11464.0
다우니실내건조,16685.0
스너글,20574.0
아우라건조기시트,16747.0
샤프란아우라,13083.0
다우니미스티크,23349.0
스너글섬유탈취제,12011.0
섬유탈취제,9601.0
옷장방향제,8977.0
물먹는하마,20506.0
냉장고탈취제,7214.0
페브리즈섬유탈취제,10712.0
룸스프레이,22022.0
섬유향수,13047.0
편백수,21322.0
페브리즈리필,9106.0
페브리즈에어,10105.0
바퀴벌레약,15719.0
베드버그퇴치제,16273.0
홈매트,15485.0
에프킬라,9254.0
쥐약,7032.0
빈대약,12466.0
전기파리채,12364.0
맥스포스겔,18577.0
홈매트리퀴드,15303.0
나프탈렌,3308.0
홈키파,7164.0
홈매트리필,16536.0
홈매트리퀴드리필,14330.0
타포린백,3569.0
가정용CCTV,54560.0
이글루캠,59534.0
전기충격기,119270.0
현관CCTV,94401.0
호신용스프레이,21708.0
수산홈텍,32409.0
실외CCTV,79133.0
제도판,122091.0
트레싱지,11912.0
크리컷,27678.0
행택제작,17926.0
행택,11174.0
트레이싱지,13047.0
스케일자,5723.0
택제작,18798.0
다이소컴퍼스,4095.0
용돈이벤트,13977.0
레터링풍선,22378.0
헬륨가스,31260.0
응원봉,5960.0
먹물,6967.0
먹,72567.0
연적,12579.0
화구가방,21040.0
화통,21688.0
대형아크릴판,21334.0
테이블이젤,49073.0
투명아크릴판,1151.0
미니이젤,3663.0
미니팔레트,11191.0
나무이젤,20711.0
플라스틱판,17510.0
화판,66395.0
목각인형,11943.0
팬톤컬러칩,153461.0
8절스케치북,3816.0
화선지,10359.0
어른색칠공부,10544.0
색칠공부도안,8219.0
학종이,2863.0
어르신색칠공부,9654.0
스티커컬러링북,14301.0
순지,13634.0
다이론멀티염료,3914.0
의류염색약,9046.0
다이론염색약,6073.0
패브릭물감,5889.0
다이론,4709.0
리트다이,7254.0
워터브러쉬,3845.0
화홍982,7643.0
문방사우,43334.0
헤렌드붓,11915.0
고체물감,15924.0
푸어링아트,9926.0
신한수채화물감,10861.0
모델링페이스트,13885.0
알파아크릴물감,11736.0
젤스톤,18081.0
다이소아크릴물감,6393.0
프리즈마색연필,33076.0
마카펜세트,17350.0
프리즈마색연필72,104426.0
문교오일파스텔,13768.0
디자인마카,22231.0
코픽마카,102401.0
카키모리,85016.0
스테들러피그먼트라이너,7764.0
은점토,65961.0
도자기물레,90445.0
실크스크린,62317.0
유토,7892.0
스컬피,13573.0
자동차랩핑지,10675.0
저스트쉴드,44701.0
카본시트지,2547.0
싼타페MX5PPF,31057.0
쏘렌토PPF,21604.0
셀프덴트,12692.0
수전사,18385.0
자동차퍼티,13403.0
수전사필름,18603.0
BMW붓펜,21351.0
식빵등,24578.0
브라비오LED,140343.0
풋등,10352.0
면발광LED바,10487.0
벤츠도어라이트,24931.0
LED방열판,2957.0
화물차차폭등,11341.0
화물차작업등,20942.0
브라비오,148496.0
메이튼식빵등,21313.0
BMW도어라이트,24482.0
AGM80,139589.0
샤오미점프스타터,78011.0
주행충전기,111028.0
AGM95,181077.0
파워큐브이동형충전기,258602.0
AGM70,130536.0
델코AGM80,185803.0
DIN74L,80706.0
델코배터리,77561.0
80L배터리,73598.0
조말론차량용방향제,42510.0
양키캔들차량용방향제,6032.0
아쿠아디파르마차량용방향제,86540.0
차량용석고방향제,8767.0
고급차량방향제,27703.0
차방향제,17824.0
불스원방향제,10005.0
리틀트리방향제,6623.0
캘리포니아센트,13432.0
명품차량용방향제,26071.0
미스터앤미세스방향제,16196.0
페브리즈차량용방향제,11357.0
유막제거제,14279.0
타이어광택제,12552.0
철분제거제,13316.0
자동차스크래치복구제,11282.0
유리막코팅제,28889.0
세차버킷,10589.0
자동차스크레치복구제,11223.0
세알남,18651.0
쏘렌토키케이스,22590.0
제네시스키케이스,26284.0
기아차키케이스,23428.0
현대차키케이스,22228.0
자동차키플,94079.0
키플,33521.0
BMW디스플레이키케이스,26558.0
벤츠키링,29684.0
싼타페MX5키케이스,18653.0
알피쿨,174760.0
차량용커피포트,43214.0
알피쿨냉장고,173182.0
알피쿨K25,181045.0
요소수10리터,10734.0
등유통,27097.0
유록스요소수10리터,22102.0
킥스파오5W30,28817.0
킥스파오10W30,56085.0
유록스,19979.0
미션오일,46791.0
유록스요소수,22727.0
노스필10리터,53933.0
루프백,152944.0
카니발루프박스,1577952.0
루프바스켓,168254.0
툴레루프박스,1249055.0
초보운전자석스티커,6599.0
번호판가드,10216.0
문콕방지스펀지,4134.0
안전벨트클립,8582.0
카시트보호매트,21103.0
다르다인버터,513768.0
순수정현파인버터,286920.0
멀티시거잭,13980.0
슈퍼캐패시터,59003.0
시거잭인버터,51291.0
세차툴백,23362.0
트렁크우산걸이,9705.0
차량용쓰레기봉투,7907.0
뒷좌석컵홀더,15054.0
차량용맥세이프거치대,28226.0
차량용맥세이프충전기,27269.0
카멜레온360,25742.0
맥세이프차량용충전기,25663.0
2454518,147571.0
타이어공기압주입기,38946.0
2255517,105380.0
2155517,109388.0
2356018,141745.0
2454019,189448.0
2454519,163456.0
2055516,77337.0
2354518,131947.0
2254518,135104.0
2355518,125663.0
2056516,87246.0
2255518,129125.0
2254517,111002.0
1755015,64981.0
다그3+,86750.0
캘리퍼커버,185918.0
인포카,152149.0
RID,390562.0
팰리세이드튜닝,23499.0
네오테크4P,1350000.0
알페온혼,29982.0
레이튜닝,20269.0
후진벨,17108.0
다그,83755.0
ELM327,20499.0
다그3,87005.0
자동차진단기,241281.0
에어혼,25551.0
4P브레이크,544110.0
에쿠스혼,16062.0
BINGO,10372.0
팝잇게임기,10013.0
뽑기판,18775.0
부루마블,23721.0
나인멘스모리스,23896.0
그래비트랙스,69964.0
할리갈리,15739.0
토이칼,4683.0
캐스트퍼즐,10342.0
슬라이딩퍼즐,26404.0
산리오레고,16182.0
타오샵K,50906.0
LOZ미니블럭,20070.0
산리오블럭,16108.0
레고트리,46874.0
몰드킹,117077.0
귀멸의칼날만화책,13892.0
피젯큐브,13609.0
퍼즐10000피스,50226.0
CADA,85315.0
짱구피규어,17377.0
MGSD,75343.0
다반언리쉬드,145680.0
스키비디토일렛피규어,17611.0
굿스마일컴퍼니,109490.0
주술회전피규어,36393.0
RG에피온,60742.0
어린이드론,41091.0
DJI미니4프로,38659.0
Z908PRO,39313.0
DJI미니4,36930.0
수중드론,1148208.0
농업용드론,339652.0
드론낚시,197690.0
비비탄총,50078.0
새총,18011.0
가스건,195450.0
전동건,74686.0
석궁,81588.0
리볼버,29422.0
에어소프트건,39234.0
아테네암스,81678.0
BB탄총,46265.0
마루이가스건,218199.0
국궁,45225.0
성인용비비탄총,66671.0
비비탄권총,33595.0
화약총,29697.0
저격총,67128.0
수정탄,70625.0
88올림픽기념주화,15538.0
한국조폐공사쇼핑몰,191924.0
짐바브웨달러,67809.0
옛날돈,111071.0
엽전,9007.0
2달러지폐,8373.0
행운의2달러,6433.0
기념주화,6135.0
상평통보,8678.0
옛날지폐,33433.0
짐바브웨100조달러,18536.0
조폐공사쇼핑몰,190745.0
은화,18437.0
옛날돈가격,42495.0
금화,12730.0
현용주화세트,76635.0
토큰,17814.0
버스토큰,19292.0
크리스마스씰,9399.0
코라이돈띠부씰가격,17977.0
코라이돈띠부씰,17977.0
미라이돈띠부씰가격,18869.0
포켓몬띠부씰,8911.0
공중전화카드,12296.0
펄기아띠부씰가격,19376.0
앤서니브라운,11963.0
기라티나띠부씰,19480.0
크리스마스실,10379.0
해리포터지팡이,25407.0
산타걸,23854.0
해리포터코스튬,30513.0
해리포터지팡이불꽃발사,42124.0
슈퍼마리오코스튬,27670.0
수갑,11366.0
인형탈,54219.0
최애의아이옷,42054.0
다이나톤디지털피아노,1030129.0
야마하피아노,1247474.0
야마하P125,605713.0
피아노의자,84680.0
접이식피아노,108231.0
뮤디스,464968.0
영창피아노,712165.0
커즈와일,788128.0
야마하전자피아노,1274832.0
삼익피아노,962437.0
뮤디스디지털피아노,510585.0
YDP165,1661845.0
야마하YDP165,1599347.0
태추단감,27720.0
청도반시,20988.0
문경감홍사과,42355.0
황금사과,32697.0
스노우볼만들기,10042.0
샤넬스노우볼,90247.0
토토로워터가든,75945.0
워터볼만들기,12273.0
코스트코스노우볼,46862.0
다세대우편함,30746.0
건의함,21957.0
현관문종,13016.0
미니종,9765.0
후우링,7869.0
윈드차임,39469.0
스마트도어벨,66185.0
미니간판,12947.0
돌출간판,60087.0
아크릴간판,43140.0
오픈클로즈팻말,12985.0
영업중간판,26136.0
계좌번호안내판,11941.0
간판제작,40340.0
캠핑문패,13651.0
나무간판,13596.0
아트시스,10670.0
현판제작,42529.0
아파트호수판,5869.0
아크릴스카시,5011.0
도로명주소판,29645.0
블루라벨,35112.0
백화수복,18898.0
시바스리갈,38384.0
블랑톤,152559.0
씨바스리갈,32226.0
백화수복원컵,18573.0
은장도,37821.0
지우산,37749.0
나전칠기,22573.0
자개공예,3885.0
고려청자,89671.0
소코뚜레,14752.0
한국기념품,15033.0
박바가지,14479.0
라탄공예,14476.0
조롱박,22377.0
청사초롱,9851.0
전통매듭,1971.0
한지공예,7353.0
짚신,19545.0
코뚜레,18069.0
우주큐브,8912.0
썬캐쳐,14127.0
오크통,57490.0
자개모빌,16001.0
크리스마스패브릭포스터,14333.0
아기방꾸미기,15483.0
요퍼라이트,23483.0
침대스프레드,54882.0
에이프릴홈,77702.0
스프레드시트,39892.0
로라애슐리극세사,81190.0
박홍근이불,98096.0
알레르망차렵이불,179707.0
알레르망이불,187181.0
모던하우스이불,51132.0
레노마이불,117865.0
구스이불커버,90060.0
헬렌스타인이불커버,97606.0
소프라움이불커버,151666.0
이불커버80수,107986.0
무인양품이불커버,38058.0
이브자리이불커버,57115.0
패딩담요,41701.0
두꺼운밍크담요,27929.0
메종노아담요,78385.0
코스트코담요,25277.0
똑딱이담요,11475.0
산리오담요,18291.0
캐릭터무릎담요,11393.0
쿠로미담요,17789.0
시나모롤담요,19693.0
춘식이담요,20977.0
무릎담요제작,7469.0
밍크무릎담요,10186.0
미니담요,11273.0
치마담요,11591.0
짱구담요,19413.0
보웰담요,31568.0
위글위글담요,38060.0
보웰패딩담요,38066.0
전기매트커버,25273.0
온수매트커버,22960.0
전기장판커버,23712.0
경동나비엔온수매트커버,32802.0
나비엔온수매트커버,32529.0
카본매트커버,34111.0
전기요커버,34788.0
침대패드고정,4294.0
이불고정핀,2337.0
침대시트고정밴드,4346.0
코타츠이불,110504.0
침대커버고정,2485.0
침대시트고정,3120.0
이불고정,2450.0
침대매트고정,3578.0
침대고정밴드,3994.0
토퍼보관,33409.0
다이소이불고정,2151.0
예단이불,379424.0
혼수이불,90424.0
에어룸극세사,54035.0
방울솜,6358.0
구름솜,5626.0
아기원형러그,47573.0
모로칸러그,172282.0
체크러그,39756.0
사이잘룩러그,46470.0
죽부인,30003.0
일본다다미,65077.0
화문석,67547.0
스키폴,100040.0
스키플레이트,465924.0
인라인스키,68874.0
아토믹스키,932831.0
헤드스키,1125340.0
슬레드독,185355.0
디미토보드복,250187.0
오비오보드복,284934.0
686보드복,362601.0
디미토,241854.0
볼컴보드복,359130.0
엘나스보드복,256828.0
비에스래빗,186063.0
LG유광점퍼,68213.0
스노우보드데크,724798.0
스노우보드바인딩,248741.0
해머데크,835775.0
요넥스시막,865383.0
스키양말,18418.0
이너장갑,16584.0
이어워머,28140.0
그루브스타,14114.0
노스페이스귀마개,35155.0
블랙야크귀마개,8309.0
주니어스키장갑,40964.0
네파귀마개,14725.0
타이틀리스트귀마개,40035.0
K2귀마개,6790.0
방한헤어밴드,11749.0
러닝귀마개,7578.0
스키부츠가방,100688.0
엉덩이보호대,25377.0
스노우보드보호대,31567.0
스노우보드가방,72562.0
POC스키헬멧,264057.0
아토믹헬멧,183501.0
오클리스키고글,155010.0
드래곤고글,153521.0
블랙브라이어,280001.0
갑오징어낚시대,182028.0
아부가르시아새턴2,74039.0
문어낚시대,101600.0
갑오징어로드,184323.0
갈치낚시대,450377.0
바다민장대,110174.0
팁런로드,213368.0
에깅대,169043.0
블랭크웍스,16258.0
주선마스터모델2,184673.0
주선쿠로다이찌,12290.0
전동릴,542277.0
도요베이트릴,218268.0
시마노전동릴,597736.0
다이와베이트릴,337054.0
시마노울테그라,893248.0
레가리스LT,68425.0
전동릴배터리,147905.0
시마노베이트릴,385591.0
염월프리미엄,368190.0
스티레100PG,427400.0
원투릴,90843.0
고멕서스더블핸들,72292.0
코바4,295355.0
스티레,290940.0
쇼크리더,11288.0
합사0.8호,28661.0
베이직FC,12437.0
합사1호,20515.0
세미플로팅원줄,17390.0
에스테르라인,12580.0
경심줄,3308.0
12합사,29409.0
카본목줄,12347.0
8합사1호,20404.0
요즈리에기,6295.0
왕눈이에기,517.0
팁런에기,7832.0
씨넥스쪼꼬미에기,17042.0
열린산업에기,8507.0
야마시타토토슷테,6666.0
귀수에기,9226.0
키우라에기,3854.0
틴셀에기,3187.0
요즈리레이저,6405.0
낚시대거치대,25171.0
전자찌,14527.0
선상거치대,22419.0
빙어낚시대,17069.0
샌드폴,32227.0
내림찌,14623.0
민물전자찌,13578.0
우경받침틀,28095.0
스마트전자찌,9687.0
낚시가방하드케이스,35753.0
다이와로드케이스,92837.0
갑오징어가지채비,2869.0
바다막대찌,8055.0
갈치바늘,7808.0
캐스팅볼,4084.0
혼무시,8222.0
전자구멍찌,5608.0
다이와낚시가방,127611.0
가지채비,2633.0
에기케이스,12781.0
메이호태클박스,24736.0
다이와태클박스,41772.0
갈치쿨러,160226.0
살림망,17138.0
낚시기포기,30040.0
다이와아이스박스,194664.0
해동아이스박스,138690.0
시마노낚시복,448155.0
겨울낚시복,179411.0
다이와모자,52772.0
다이와장화,116631.0
다이와구명조끼,240764.0
갯바위신발,115285.0
선상장화,68432.0
가마가츠낚시복,243003.0
낚시화,132746.0
낚시복세트,168576.0
마즈메레인슈트,152093.0
남자탄탄이수영복,42289.0
아레나남자수영복,51101.0
남자숏사각수영복,42686.0
남자3부수영복,29913.0
배럴남자수영복,42575.0
아레나남성수영복,50826.0
숏사각수영복,49948.0
남자5부수영복,46035.0
아레나숏사각,68408.0
나이키남자수영복,55289.0
펑키트렁크,67707.0
남자전신수영복,51814.0
나이키수영복남자,56169.0
졸린수영복,103002.0
배럴래쉬가드,55571.0
루즈핏래쉬가드,49141.0
디스커버리래쉬가드,63545.0
크롭래쉬가드,36582.0
스위브,11235.0
암튜브,11607.0
졸린수모,27611.0
아레나수경,32448.0
오리발숏핀,64484.0
뷰블레이드F제로,47958.0
가정용런닝머신,657559.0
워킹머신,275560.0
워킹패드,289634.0
이고진런닝머신,285348.0
무동력트레드밀,188663.0
강아지런닝머신,441101.0
샤오미워킹패드,367962.0
아이러너런닝머신,356543.0
마이마운틴,1168327.0
턱걸이운동기구,69377.0
윗몸일으키기기구,47310.0
스미스머신,1633972.0
풀업밴드,11383.0
딥스바,63824.0
인클라인벤치,162664.0
튜빙밴드,8667.0
레그익스텐션,397078.0
하드폼롤러,21154.0
스텝박스,56039.0
스트레칭보드,24241.0
케겔운동기구,12501.0
중량조끼,63958.0
전완근운동기구,40679.0
추감기,24798.0
종아리스트레칭보드,23856.0
미니폼롤러,17546.0
팔굽혀펴기기구,19427.0
알로요가복,122763.0
젝시믹스상의,25742.0
요가커버업,21751.0
알로요가,174521.0
슈퍼커브튜닝,35557.0
헌터커브,80887.0
열선그립,54586.0
오토바이열선그립,50173.0
슈퍼커브윈드스크린,38079.0
슈퍼커브시트,72072.0
오토바이핸들열선,33535.0
탈리스만안개등,42901.0
PCX윈드스크린,87805.0
오토바이트레일러,188132.0
슈퍼커브스티커,4116.0
PCX카울,78842.0
대구공돌,21275.0
세나50S,165772.0
알루미늄탑박스,128880.0
아라이헬멧,492052.0
세나,150373.0
시스템헬멧,139094.0
슈퍼커브탑박스,112236.0
아라이바람막이,66201.0
오토바이방한바지,61924.0
블루샤크토시,50278.0
다이네즈자켓,412735.0
오토바이겨울토시,26431.0
아라이자켓,36907.0
배달우주복,71882.0
오토바이우주복,72952.0
축구화가방,12250.0
나이키운동가방,52165.0
언더아머더플백,48660.0
DM3977-010,31823.0
더블백,30420.0
나이키브라질리아더플백,34202.0
나이키짐클럽더플백,53111.0
짐색,23229.0
아디다스더플백,34270.0
나이키더블백,51982.0
나이키신발주머니,24872.0
나이키슈즈백,21008.0
미니헬스가방,30538.0
타이거더블컷,94818.0
디월트원형톱,180725.0
디월트샌딩기,184997.0
마끼다원형톱,201534.0
원형톱가이드,50504.0
보온재,8302.0
디월트멀티커터,199370.0
보일러분배기,40418.0
에어컨배관커버,9756.0
주름관,11282.0
배관보온재,7950.0
각파이프규격,50249.0
감압밸브,27861.0
파이프밴딩기,78038.0
논가스용접기,175134.0
코리아나용접기,197985.0
자동용접면,99225.0
스팀해빙기,169442.0
용접두건,16525.0
CO2용접기,624928.0
혼다예초기,240549.0
제노아예초기,543909.0
계양예초기,227809.0
아세아관리기,147333.0
감따는기구,37147.0
콩탈곡기,629773.0
들깨탈곡기,239588.0
염화칼슘살포기,126342.0
동력분무기,271821.0
곶감걸이,8350.0
잔가지파쇄기,307434.0
풍구,136446.0
유압도끼,510772.0
윈코에어몬스터프로,73684.0
구리스카트리지,51329.0
콜라보콤프레샤,289442.0
슬리브압착기,81032.0
전기타카,88483.0
디월트공구함,44183.0
샌드위치판넬,18454.0
각파이프,4623.0
밀워키팩아웃,68908.0
못주머니,17285.0
디월트공구박스,44184.0
보도블럭,53928.0
디월트송풍기,144784.0
디월트임팩드릴,192007.0
마끼다송풍기,100724.0
아임삭임팩드릴,205540.0
마끼다임팩드릴,155315.0
디월트그라인더,161239.0
밴드쏘,367700.0
보쉬그라인더,121972.0
탁상그라인더,87166.0
마끼다그라인더,154760.0
계양그라인더,96858.0
밀워키그라인더,288322.0
슬라이딩각도절단기,519160.0
열화상카메라,689888.0
접지테스터기,63161.0
검전기,16303.0
음주측정기,54160.0
수평자,11360.0
휴비딕온습도계,13147.0
월광보합,131018.0
가압펌프,133196.0
자동급유기,75985.0
고신자동급유기,45098.0
미니포크레인,5754259.0
고신등유펌프,38835.0
윌로펌프,263540.0
자가발전기,152200.0
무소음발전기,587939.0
자동주유기,62995.0
미니굴삭기,15316501.0
우레탄폼,5664.0
내열실리콘,6850.0
실리콘헤라,2372.0
무선글루건,32826.0
순간접착제,2432.0
록타이트401,2938.0
녹제거제,11968.0
록타이트리뉴,16851.0
에폭시접착제,6569.0
바이오실리콘,3944.0
폼건,17760.0
전산볼트,2544.0
앙카볼트,843.0
석고보드앙카,1640.0
직결피스,4823.0
석고피스,4198.0
아이볼트,1783.0
아시바클램프,4395.0
석고앙카,3117.0
리벳못,4898.0
오일스테인,45847.0
벽지페인트,27511.0
젯소,19282.0
내열페인트,6566.0
핸디코트,13779.0
우드스테인,20024.0
친환경페인트,20845.0
결로방지페인트,38984.0
핑고스프레이,20223.0
페인트리무버,15061.0
내열스프레이,10192.0
방수스프레이,10589.0
방수액,20777.0
옥상방수페인트,37776.0
아스팔트슁글,53416.0
칠만표방수제,41234.0
우레탄상도,86766.0
파워방수가드,42315.0
페인트통,8802.0
투명방수본드,19295.0
아스팔트프라이머,37328.0
방수코팅제,8710.0
탄탄방수,44067.0
스탠리카트,83152.0
중고지게차,9870000.0
고소작업대,7571193.0
3단사다리,43392.0
미니사다리,33875.0
빼빼로포장,3325.0
스트레치필름,24138.0
안전봉투,11839.0
단프라박스,5609.0
오프라벨,10336.0
크리스마스어드벤트캘린더,30525.0
현금바인더속지,10307.0
결혼고사,13545.0
필사노트,8479.0
미도리노트,11639.0
옥스포드노트,2116.0
모눈노트,5345.0
독서노트,6277.0
트래블러스노트,10872.0
양장노트,5069.0
아피오,13368.0
라미만년필,33351.0
라미샤프,23653.0
가죽필통,13133.0
쿠루토가다이브,142597.0
펜텔그래프1000,13269.0
스테들러헥사고날,38416.0
라미볼펜,32574.0
쿠루토가샤프,7180.0
펠리칸M200,160117.0
인생네컷앨범,10543.0
포카바인더,6238.0
초음파앨범,14243.0
포토카드바인더,6427.0
콜렉트북,7628.0
띠부씰앨범,8557.0
띠부띠부씰앨범,10047.0
팝콘슬리브,12636.0
티켓북,9998.0
네컷앨범,9848.0
사진첩,12788.0
털바인더,16685.0
콜북,5929.0
바인더대지,7455.0
아워모티프,72582.0
붙이는화이트보드,15176.0
전자칠판,1243447.0
투명칠판,139383.0
겨울환경판,16539.0
모니터메모보드,2950.0
대형화이트보드,87906.0
이동식화이트보드,120455.0
냉장고메모보드,7206.0
원산지표시판,10481.0
이동식칠판,129116.0
삼성전자칠판,2608627.0
벽메뉴판,36174.0
피카츄금고,24866.0
2단독서대,33886.0
휴대용독서대,15886.0
높이조절독서대,33818.0
투명독서대,31417.0
꼬메모이독서대,114539.0
해리포터북눅,48449.0
더블에이A4용지,26438.0
포스용지,28583.0
더블에이A4용지복사용지80G5000매,58970.0
손코팅지,11235.0
더블에이,26975.0
더블AA4,31174.0
님봇라벨지,21772.0
카드단말기,43504.0
카시오계산기,17538.0
포스기,373762.0
선일금고,742307.0
스마트금고,249808.0
무선카드단말기,21496.0
흰다리새우,21153.0
양념게장,27068.0
갈치속젓,13587.0
오징어젓갈,13912.0
새우장,16124.0
게장,31130.0
낙지젓갈,14256.0
명란,22750.0
신안새우젓,24491.0
연어장,17659.0
순살게장,20356.0
강경새우젓,20122.0
육젓,25893.0
북새우젓,25859.0
백명란,19791.0
못난이백명란,23350.0
마른오징어,30943.0
쥐포,17129.0
황태채,20876.0
다시멸치,16435.0
다시멸치1.5KG,20042.0
